<?xml version="1.0" encoding="UTF-8"?>
<!DOCTYPE math:math PUBLIC "-//OpenOffice.org//DTD Modified W3C MathML 1.01//EN" "math.dtd">
<math:math xmlns:math="http://www.w3.org/1998/Math/MathML">
 <math:semantics>
  <math:mrow>
   <math:mi>s</math:mi>
   <math:mo math:stretchy="false">=</math:mo>
   <math:msqrt>
    <math:mrow>
     <math:mfrac>
      <math:mn>1</math:mn>
      <math:mrow>
       <math:mi>n</math:mi>
       <math:mo math:stretchy="false">−</math:mo>
       <math:mn>1</math:mn>
      </math:mrow>
     </math:mfrac>
     <math:mrow>
      <math:munderover>
       <math:mo math:stretchy="false">∑</math:mo>
       <math:mrow>
        <math:mi>i</math:mi>
        <math:mo math:stretchy="false">=</math:mo>
        <math:mn>1</math:mn>
       </math:mrow>
       <math:mi>n</math:mi>
      </math:munderover>
      <math:msup>
       <math:mrow>
        <math:mo math:stretchy="false"></math:mo>
        <math:mrow>
         <math:msub>
          <math:mi>x</math:mi>
          <math:mi>i</math:mi>
         </math:msub>
         <math:mo math:stretchy="false">−</math:mo>
         <math:mover math:accent="true">
          <math:mi>x</math:mi>
          <math:mo math:stretchy="false"></math:mo>
         </math:mover>
        </math:mrow>
        <math:mo math:stretchy="false"></math:mo>
       </math:mrow>
       <math:mn>2</math:mn>
      </math:msup>
     </math:mrow>
    </math:mrow>
   </math:msqrt>
  </math:mrow>
  <math:annotation math:encoding="StarMath 5.0">s = sqrt {{1 over {n-1}} sum from i=1 to n (x sub i - bar x)^2}</math:annotation>
 </math:semantics>
</math:math>