<?xml version="1.0" encoding="UTF-8"?>

<office:document-meta xmlns:office="urn:oasis:names:tc:opendocument:xmlns:office:1.0" xmlns:xlink="http://www.w3.org/1999/xlink" xmlns:dc="http://purl.org/dc/elements/1.1/" xmlns:meta="urn:oasis:names:tc:opendocument:xmlns:meta:1.0" xmlns:ooo="http://openoffice.org/2004/office" office:version="1.0">
 <office:meta>
  <meta:generator>OpenOffice.org/2.0$Linux OpenOffice.org_project/680m1$Build-8990
  </meta:generator>
  <meta:initial-creator>J David Eisenberg</meta:initial-creator>
  <meta:creation-date>2006-01-28T20:25:32</meta:creation-date>
  <meta:editing-cycles>1</meta:editing-cycles>
  <meta:editing-duration>PT0S</meta:editing-duration>
  <meta:user-defined meta:name="Info 1"/>
  <meta:user-defined meta:name="Info 2"/>
  <meta:user-defined meta:name="Info 3"/>
  <meta:user-defined meta:name="Info 4"/>
 </office:meta>
</office:document-meta>