<?xml version="1.0"?>
<Order><ID/><IssueDate>2006-02-05</IssueDate><LineExtensionTotalAmount currency="US Dollar">0.00</LineExtensionTotalAmount><BuyerParty><ID/><PartyName><Name/>Joe Schmegeggie</PartyName><Address><ID/><Street>57 Court Street</Street><CityName>Pekin</CityName><PostalZone>61554</PostalZone><CountrySub-Entity>IL</CountrySub-Entity></Address><BuyerContact><ID/><Name/></BuyerContact></BuyerParty><SellerParty><ID/><PartyName><Name>J David Eisenberg</Name></PartyName><Address><ID/><Street>2211 Crestwood Drive</Street><CityName>Pekin</CityName><PostalZone>61554</PostalZone><CountrySub-Entity>IL</CountrySub-Entity></Address></SellerParty><DeliveryTerms><ID/><SpecialTerms/></DeliveryTerms><OrderLine><BuyersID/><SellersID/><LineExtensionAmount currencyID=""/><Quantity unitCode="">1</Quantity><Item><ID/><Description/><SellersItemIdentification><ID>Enter Part Number Here</ID></SellersItemIdentification><BasePrice><PriceAmount currencyID="">0.0</PriceAmount></BasePrice></Item></OrderLine></Order>
