<?xml version="1.0" encoding="UTF-8"?>

<office:document-content xmlns:office="urn:oasis:names:tc:opendocument:xmlns:office:1.0" xmlns:style="urn:oasis:names:tc:opendocument:xmlns:style:1.0" xmlns:text="urn:oasis:names:tc:opendocument:xmlns:text:1.0" xmlns:table="urn:oasis:names:tc:opendocument:xmlns:table:1.0" xmlns:draw="urn:oasis:names:tc:opendocument:xmlns:drawing:1.0" xmlns:fo="urn:oasis:names:tc:opendocument:xmlns:xsl-fo-compatible:1.0" xmlns:xlink="http://www.w3.org/1999/xlink" xmlns:dc="http://purl.org/dc/elements/1.1/" xmlns:meta="urn:oasis:names:tc:opendocument:xmlns:meta:1.0" xmlns:number="urn:oasis:names:tc:opendocument:xmlns:datastyle:1.0" xmlns:svg="urn:oasis:names:tc:opendocument:xmlns:svg-compatible:1.0" xmlns:chart="urn:oasis:names:tc:opendocument:xmlns:chart:1.0" xmlns:dr3d="urn:oasis:names:tc:opendocument:xmlns:dr3d:1.0" xmlns:math="http://www.w3.org/1998/Math/MathML" xmlns:form="urn:oasis:names:tc:opendocument:xmlns:form:1.0" xmlns:script="urn:oasis:names:tc:opendocument:xmlns:script:1.0" xmlns:ooo="http://openoffice.org/2004/office" xmlns:ooow="http://openoffice.org/2004/writer" xmlns:oooc="http://openoffice.org/2004/calc" xmlns:dom="http://www.w3.org/2001/xml-events" xmlns:xforms="http://www.w3.org/2002/xforms" xmlns:xsd="http://www.w3.org/2001/XMLSchema" xmlns:xsi="http://www.w3.org/2001/XMLSchema-instance" office:version="1.0">
 <office:scripts/>
 <office:font-face-decls>
  <style:font-face style:name="Lucidasans1" svg:font-family="Lucidasans"/>
  <style:font-face style:name="Bitstream Vera Sans" svg:font-family="&apos;Bitstream Vera Sans&apos;" style:font-pitch="variable"/>
  <style:font-face style:name="Lucidasans" svg:font-family="Lucidasans" style:font-pitch="variable"/>
  <style:font-face style:name="Mincho" svg:font-family="Mincho" style:font-pitch="variable"/>
  <style:font-face style:name="Times New Roman" svg:font-family="&apos;Times New Roman&apos;" style:font-family-generic="roman" style:font-pitch="variable"/>
  <style:font-face style:name="Arial" svg:font-family="Arial" style:font-family-generic="swiss" style:font-pitch="variable"/>
 </office:font-face-decls>
 <office:automatic-styles>
  <style:style style:name="P1" style:family="paragraph" style:parent-style-name="Standard">
   <style:text-properties fo:font-style="normal" fo:font-weight="normal" style:font-style-asian="normal" style:font-weight-asian="normal" style:font-style-complex="normal" style:font-weight-complex="normal"/>
  </style:style>
  <style:style style:name="T1" style:family="text">
   <style:text-properties style:font-name-asian="Times New Roman" style:font-name-complex="Times New Roman"/>
  </style:style>
  <style:style style:name="T2" style:family="text">
   <style:text-properties fo:font-weight="bold" style:font-weight-asian="bold" style:font-weight-complex="bold"/>
  </style:style>
  <style:style style:name="T3" style:family="text">
   <style:text-properties fo:font-weight="normal" style:font-weight-asian="normal" style:font-weight-complex="normal"/>
  </style:style>
  <style:style style:name="T4" style:family="text">
   <style:text-properties fo:font-style="italic" fo:font-weight="normal" style:font-style-asian="italic" style:font-weight-asian="normal" style:font-style-complex="italic" style:font-weight-complex="normal"/>
  </style:style>
  <style:style style:name="T5" style:family="text">
   <style:text-properties fo:font-style="normal" fo:font-weight="normal" style:font-style-asian="normal" style:font-weight-asian="normal" style:font-style-complex="normal" style:font-weight-complex="normal"/>
  </style:style>
  <style:style style:name="fr1" style:family="graphic" style:parent-style-name="Frame">
   <style:graphic-properties fo:margin-left="0in" fo:margin-right="0in" fo:margin-top="0in" fo:margin-bottom="0in" style:wrap="none" style:vertical-pos="top" style:vertical-rel="paragraph" style:horizontal-pos="center" style:horizontal-rel="paragraph" fo:padding="0in" fo:border="none"/>
  </style:style>
  <style:style style:name="fr2" style:family="graphic" style:parent-style-name="Graphics">
   <style:graphic-properties fo:margin-left="0in" fo:margin-right="0in" fo:margin-top="0in" fo:margin-bottom="0in" style:run-through="foreground" style:wrap="none" style:vertical-pos="from-top" style:vertical-rel="paragraph-content" style:horizontal-pos="from-left" style:horizontal-rel="paragraph-content" fo:padding="0in" fo:border="none" style:shadow="none" style:mirror="none" fo:clip="rect(0in 0in 0in 0in)" draw:luminance="0%" draw:contrast="0%" draw:red="0%" draw:green="0%" draw:blue="0%" draw:gamma="100%" draw:color-inversion="false" draw:image-opacity="100%" draw:color-mode="standard"/>
  </style:style>
 </office:automatic-styles>
 <office:body>
  <office:text>
   <office:forms form:automatic-focus="false" form:apply-design-mode="false"/>
   <text:sequence-decls>
    <text:sequence-decl text:display-outline-level="0" text:name="Illustration"/>
    <text:sequence-decl text:display-outline-level="0" text:name="Table"/>
    <text:sequence-decl text:display-outline-level="0" text:name="Text"/>
    <text:sequence-decl text:display-outline-level="0" text:name="Drawing"/>
   </text:sequence-decls>
   <text:h text:style-name="Heading_20_1" text:outline-level="1">Raccoons</text:h>
   <text:p text:style-name="Standard"/>
   <text:p text:style-name="Lined_20_Title">Nature Notes <text:span text:style-name="T1">№</text:span>1</text:p>
   <text:p text:style-name="Standard"/>
   <text:p text:style-name="Standard">Raccoons, those mysterious masked mammals, are members of the <text:span text:style-name="T2">procyonidae</text:span><text:span text:style-name="T3"> family. The scientific name for the raccoon is </text:span><text:span text:style-name="T4">Procyon lotor</text:span><text:span text:style-name="T5">.</text:span></text:p>
   <text:p text:style-name="P1"/>
   <text:p text:style-name="P1"><draw:frame draw:style-name="fr1" draw:name="Frame1" text:anchor-type="paragraph" svg:width="1.5417in" draw:z-index="0">
     <draw:text-box fo:min-height="1.8472in">
      <text:p text:style-name="Illustration"><draw:frame draw:style-name="fr2" draw:name="graphics1" text:anchor-type="paragraph" svg:x="0.0016in" svg:y="0.0008in" svg:width="1.5417in" style:rel-width="100%" svg:height="1.8472in" style:rel-height="scale" draw:z-index="1"><draw:image xlink:href="Pictures/100000000000006F0000008516337246.jpg" xlink:type="simple" xlink:show="embed" xlink:actuate="onLoad"/>
       </draw:frame>Illustration <text:sequence text:ref-name="refIllustration0" text:name="Illustration" text:formula="ooow:Illustration+1" style:num-format="1">1</text:sequence>: &quot;Bandit,&quot; an exceptionally handsome specimen.</text:p>
     </draw:text-box>
    </draw:frame></text:p>
  </office:text>
 </office:body>
</office:document-content>