<?xml version="1.0" encoding="UTF-8"?>

<office:document-meta xmlns:office="urn:oasis:names:tc:opendocument:xmlns:office:1.0" xmlns:xlink="http://www.w3.org/1999/xlink" xmlns:dc="http://purl.org/dc/elements/1.1/" xmlns:meta="urn:oasis:names:tc:opendocument:xmlns:meta:1.0" xmlns:ooo="http://openoffice.org/2004/office" office:version="1.0">
 <office:meta>
  <meta:generator>OpenOffice.org/2.0$Linux OpenOffice.org_project/680m1$Build-8990
  </meta:generator>
  <dc:title>Raccoons</dc:title>
  <dc:subject>Nature Notes about Raccoons</dc:subject>
  <meta:initial-creator>J David Eisenberg</meta:initial-creator>
  <meta:creation-date>2006-01-12T21:01:04</meta:creation-date>
  <dc:creator>J David Eisenberg</dc:creator>
  <dc:date>2006-01-12T21:51:17</dc:date>
  <meta:keyword>raccoon</meta:keyword>
  <meta:keyword>mammal</meta:keyword>
  <meta:keyword>procyonidae</meta:keyword>
  <dc:language>en-US</dc:language>
  <meta:editing-cycles>5</meta:editing-cycles>
  <meta:editing-duration>PT50M14S</meta:editing-duration>
  <meta:user-defined meta:name="Picture Credits">Catherine Kost</meta:user-defined>
  <meta:user-defined meta:name="Info 2"/>
  <meta:user-defined meta:name="Info 3"/>
  <meta:user-defined meta:name="Info 4"/>
  <meta:document-statistic meta:table-count="0" meta:image-count="1" meta:object-count="0" meta:page-count="1" meta:paragraph-count="4" meta:word-count="30" meta:character-count="219"/>
 </office:meta>
</office:document-meta>