<?xml version="1.0" encoding="UTF-8"?>

<office:document-styles xmlns:office="urn:oasis:names:tc:opendocument:xmlns:office:1.0" xmlns:style="urn:oasis:names:tc:opendocument:xmlns:style:1.0" xmlns:text="urn:oasis:names:tc:opendocument:xmlns:text:1.0" xmlns:table="urn:oasis:names:tc:opendocument:xmlns:table:1.0" xmlns:draw="urn:oasis:names:tc:opendocument:xmlns:drawing:1.0" xmlns:fo="urn:oasis:names:tc:opendocument:xmlns:xsl-fo-compatible:1.0" xmlns:xlink="http://www.w3.org/1999/xlink" xmlns:dc="http://purl.org/dc/elements/1.1/" xmlns:meta="urn:oasis:names:tc:opendocument:xmlns:meta:1.0" xmlns:number="urn:oasis:names:tc:opendocument:xmlns:datastyle:1.0" xmlns:svg="urn:oasis:names:tc:opendocument:xmlns:svg-compatible:1.0" xmlns:chart="urn:oasis:names:tc:opendocument:xmlns:chart:1.0" xmlns:dr3d="urn:oasis:names:tc:opendocument:xmlns:dr3d:1.0" xmlns:math="http://www.w3.org/1998/Math/MathML" xmlns:form="urn:oasis:names:tc:opendocument:xmlns:form:1.0" xmlns:script="urn:oasis:names:tc:opendocument:xmlns:script:1.0" xmlns:ooo="http://openoffice.org/2004/office" xmlns:ooow="http://openoffice.org/2004/writer" xmlns:oooc="http://openoffice.org/2004/calc" xmlns:dom="http://www.w3.org/2001/xml-events" office:version="1.0">
 <office:font-face-decls>
  <style:font-face style:name="Lucidasans1" svg:font-family="Lucidasans"/>
  <style:font-face style:name="Bitstream Vera Sans" svg:font-family="&apos;Bitstream Vera Sans&apos;" style:font-pitch="variable"/>
  <style:font-face style:name="Lucidasans" svg:font-family="Lucidasans" style:font-pitch="variable"/>
  <style:font-face style:name="Mincho" svg:font-family="Mincho" style:font-pitch="variable"/>
  <style:font-face style:name="Times New Roman" svg:font-family="&apos;Times New Roman&apos;" style:font-family-generic="roman" style:font-pitch="variable"/>
  <style:font-face style:name="Arial" svg:font-family="Arial" style:font-family-generic="swiss" style:font-pitch="variable"/>
 </office:font-face-decls>
 <office:styles>
  <style:default-style style:family="graphic">
   <style:graphic-properties draw:shadow-offset-x="0.1181in" draw:shadow-offset-y="0.1181in" draw:start-line-spacing-horizontal="0.1114in" draw:start-line-spacing-vertical="0.1114in" draw:end-line-spacing-horizontal="0.1114in" draw:end-line-spacing-vertical="0.1114in" style:flow-with-text="false"/>
   <style:paragraph-properties style:text-autospace="ideograph-alpha" style:line-break="strict" style:writing-mode="lr-tb" style:font-independent-line-spacing="false">
    <style:tab-stops/>
   </style:paragraph-properties>
   <style:text-properties style:use-window-font-color="true" fo:font-size="12pt" fo:language="en" fo:country="US" style:font-size-asian="12pt" style:language-asian="none" style:country-asian="none" style:font-size-complex="12pt" style:language-complex="none" style:country-complex="none"/>
  </style:default-style>
  <style:default-style style:family="paragraph">
   <style:paragraph-properties fo:hyphenation-ladder-count="no-limit" style:text-autospace="ideograph-alpha" style:punctuation-wrap="hanging" style:line-break="strict" style:tab-stop-distance="0.4925in" style:writing-mode="page"/>
   <style:text-properties style:use-window-font-color="true" style:font-name="Times New Roman" fo:font-size="12pt" fo:language="en" fo:country="US" style:font-name-asian="Bitstream Vera Sans" style:font-size-asian="12pt" style:language-asian="none" style:country-asian="none" style:font-name-complex="Lucidasans" style:font-size-complex="12pt" style:language-complex="none" style:country-complex="none" fo:hyphenate="false" fo:hyphenation-remain-char-count="2" fo:hyphenation-push-char-count="2"/>
  </style:default-style>
  <style:default-style style:family="table">
   <style:table-properties table:border-model="collapsing"/>
  </style:default-style>
  <style:default-style style:family="table-row">
   <style:table-row-properties fo:keep-together="auto"/>
  </style:default-style>
  <style:style style:name="Standard" style:family="paragraph" style:class="text"/>
  <style:style style:name="Text_20_body" style:display-name="Text body" style:family="paragraph" style:parent-style-name="Standard" style:class="text">
   <style:paragraph-properties fo:margin-top="0in" fo:margin-bottom="0.0835in"/>
  </style:style>
  <style:style style:name="Heading" style:family="paragraph" style:parent-style-name="Standard" style:next-style-name="Text_20_body" style:class="text">
   <style:paragraph-properties fo:margin-top="0.1665in" fo:margin-bottom="0.0835in" fo:keep-with-next="always"/>
   <style:text-properties style:font-name="Arial" fo:font-size="14pt" style:font-name-asian="Mincho" style:font-size-asian="14pt" style:font-name-complex="Lucidasans" style:font-size-complex="14pt"/>
  </style:style>
  <style:style style:name="Heading_20_1" style:display-name="Heading 1" style:family="paragraph" style:parent-style-name="Heading" style:next-style-name="Text_20_body" style:class="text" style:default-outline-level="1">
   <style:text-properties fo:font-size="115%" fo:font-weight="bold" style:font-size-asian="115%" style:font-weight-asian="bold" style:font-size-complex="115%" style:font-weight-complex="bold"/>
  </style:style>
  <style:style style:name="List" style:family="paragraph" style:parent-style-name="Text_20_body" style:class="list">
   <style:text-properties style:font-name-complex="Lucidasans1"/>
  </style:style>
  <style:style style:name="Caption" style:family="paragraph" style:parent-style-name="Standard" style:class="extra">
   <style:paragraph-properties fo:margin-top="0.0835in" fo:margin-bottom="0.0835in" text:number-lines="false" text:line-number="0"/>
   <style:text-properties fo:font-size="12pt" fo:font-style="italic" style:font-size-asian="12pt" style:font-style-asian="italic" style:font-name-complex="Lucidasans1" style:font-size-complex="12pt" style:font-style-complex="italic"/>
  </style:style>
  <style:style style:name="Illustration" style:family="paragraph" style:parent-style-name="Caption" style:class="extra">
   <style:paragraph-properties fo:text-align="center" style:justify-single-word="false"/>
  </style:style>
  <style:style style:name="Text" style:family="paragraph" style:parent-style-name="Caption" style:class="extra"/>
  <style:style style:name="Index" style:family="paragraph" style:parent-style-name="Standard" style:class="index">
   <style:paragraph-properties text:number-lines="false" text:line-number="0"/>
   <style:text-properties style:font-name-complex="Lucidasans1"/>
  </style:style>
  <style:style style:name="Lined_20_Title" style:display-name="Lined Title" style:family="paragraph" style:parent-style-name="Standard" style:class="text">
   <style:paragraph-properties fo:text-align="end" style:justify-single-word="false" fo:padding="0in" fo:border-left="none" fo:border-right="none" fo:border-top="none" fo:border-bottom="0.0008in solid #000000" style:shadow="none"/>
   <style:text-properties style:font-name="Arial" fo:font-size="14pt" fo:font-style="italic" style:font-size-asian="14pt" style:font-style-asian="italic" style:font-size-complex="14pt" style:font-style-complex="italic"/>
  </style:style>
  <style:style style:name="Caption_20_characters" style:display-name="Caption characters" style:family="text"/>
  <style:style style:name="Frame" style:family="graphic">
   <style:graphic-properties text:anchor-type="paragraph" svg:x="0in" svg:y="0in" fo:margin-left="0.0791in" fo:margin-right="0.0791in" fo:margin-top="0.0791in" fo:margin-bottom="0.0791in" style:wrap="parallel" style:number-wrapped-paragraphs="no-limit" style:wrap-contour="false" style:vertical-pos="top" style:vertical-rel="paragraph-content" style:horizontal-pos="center" style:horizontal-rel="paragraph-content" fo:padding="0.0591in" fo:border="0.0008in solid #000000"/>
  </style:style>
  <style:style style:name="Graphics" style:family="graphic">
   <style:graphic-properties text:anchor-type="paragraph" svg:x="0in" svg:y="0in" style:wrap="none" style:vertical-pos="top" style:vertical-rel="paragraph" style:horizontal-pos="center" style:horizontal-rel="paragraph"/>
  </style:style>
  <text:outline-style>
   <text:outline-level-style text:level="1" style:num-format="">
    <style:list-level-properties text:min-label-distance="0.15in"/>
   </text:outline-level-style>
   <text:outline-level-style text:level="2" style:num-format="">
    <style:list-level-properties text:min-label-distance="0.15in"/>
   </text:outline-level-style>
   <text:outline-level-style text:level="3" style:num-format="">
    <style:list-level-properties text:min-label-distance="0.15in"/>
   </text:outline-level-style>
   <text:outline-level-style text:level="4" style:num-format="">
    <style:list-level-properties text:min-label-distance="0.15in"/>
   </text:outline-level-style>
   <text:outline-level-style text:level="5" style:num-format="">
    <style:list-level-properties text:min-label-distance="0.15in"/>
   </text:outline-level-style>
   <text:outline-level-style text:level="6" style:num-format="">
    <style:list-level-properties text:min-label-distance="0.15in"/>
   </text:outline-level-style>
   <text:outline-level-style text:level="7" style:num-format="">
    <style:list-level-properties text:min-label-distance="0.15in"/>
   </text:outline-level-style>
   <text:outline-level-style text:level="8" style:num-format="">
    <style:list-level-properties text:min-label-distance="0.15in"/>
   </text:outline-level-style>
   <text:outline-level-style text:level="9" style:num-format="">
    <style:list-level-properties text:min-label-distance="0.15in"/>
   </text:outline-level-style>
   <text:outline-level-style text:level="10" style:num-format="">
    <style:list-level-properties text:min-label-distance="0.15in"/>
   </text:outline-level-style>
  </text:outline-style>
  <text:notes-configuration text:note-class="footnote" style:num-format="1" text:start-value="0" text:footnotes-position="page" text:start-numbering-at="document"/>
  <text:notes-configuration text:note-class="endnote" style:num-format="i" text:start-value="0"/>
  <text:linenumbering-configuration text:number-lines="false" text:offset="0.1965in" style:num-format="1" text:number-position="left" text:increment="5"/>
 </office:styles>
 <office:automatic-styles>
  <style:page-layout style:name="pm1">
   <style:page-layout-properties fo:page-width="8.5in" fo:page-height="11in" style:num-format="1" style:print-orientation="portrait" fo:margin-top="0.7874in" fo:margin-bottom="0.7874in" fo:margin-left="0.7874in" fo:margin-right="0.7874in" style:writing-mode="lr-tb" style:footnote-max-height="0in">
    <style:footnote-sep style:width="0.0071in" style:distance-before-sep="0.0398in" style:distance-after-sep="0.0398in" style:adjustment="left" style:rel-width="25%" style:color="#000000"/>
   </style:page-layout-properties>
   <style:header-style/>
   <style:footer-style/>
  </style:page-layout>
 </office:automatic-styles>
 <office:master-styles>
  <style:master-page style:name="Standard" style:page-layout-name="pm1"/>
 </office:master-styles>
</office:document-styles>