<?xml version="1.0" encoding="UTF-8"?>
<!DOCTYPE manifest:manifest PUBLIC "-//OpenOffice.org//DTD Manifest 1.0//EN" "Manifest.dtd">
<manifest:manifest xmlns:manifest="urn:oasis:names:tc:opendocument:xmlns:manifest:1.0">
 <manifest:file-entry manifest:media-type="application/vnd.oasis.opendocument.text" manifest:full-path="/"/>
 <manifest:file-entry manifest:media-type="application/vnd.sun.xml.ui.configuration" manifest:full-path="Configurations2/"/>
 <manifest:file-entry manifest:media-type="image/jpeg" manifest:full-path="Pictures/100000000000006F0000008516337246.jpg"/>
 <manifest:file-entry manifest:media-type="" manifest:full-path="Pictures/"/>
 <manifest:file-entry manifest:media-type="text/xml" manifest:full-path="content.xml"/>
 <manifest:file-entry manifest:media-type="text/xml" manifest:full-path="styles.xml"/>
 <manifest:file-entry manifest:media-type="text/xml" manifest:full-path="meta.xml"/>
 <manifest:file-entry manifest:media-type="" manifest:full-path="Thumbnails/thumbnail.png"/>
 <manifest:file-entry manifest:media-type="" manifest:full-path="Thumbnails/"/>
 <manifest:file-entry manifest:media-type="text/xml" manifest:full-path="settings.xml"/>
</manifest:manifest>