<app>
	<id>opensourcetv</id>
	<name>Open Source Television</name>
	<version>1.0</version>
	<description>Rob's talk on Boxee at the Southern California Linux Expo 2011</description>
	<thumb>http://dir.boxee.tv/apps/opensourcetv/images/thumb.png</thumb>
	<repository>http://dir.boxee.tv/apps</repository>
	<media>video</media>
	<copyright>Boxee</copyright>
	<email>support@boxee.tv</email>
	<type>skin</type>
	<startWindow>launch</startWindow>
	<platform>all</platform>
	<minversion>0.9.20</minversion>
	<test-app>true</test-app>
</app>
