<?xml version="1.0" encoding="UTF-8"?>
<office:document-meta xmlns:office="urn:oasis:names:tc:opendocument:xmlns:office:1.0" xmlns:xlink="http://www.w3.org/1999/xlink" xmlns:dc="http://purl.org/dc/elements/1.1/" xmlns:meta="urn:oasis:names:tc:opendocument:xmlns:meta:1.0" xmlns:presentation="urn:oasis:names:tc:opendocument:xmlns:presentation:1.0" xmlns:ooo="http://openoffice.org/2004/office" xmlns:smil="urn:oasis:names:tc:opendocument:xmlns:smil-compatible:1.0" xmlns:anim="urn:oasis:names:tc:opendocument:xmlns:animation:1.0" office:version="1.2"><office:meta><meta:generator>OpenOffice.org/3.0$Linux OpenOffice.org_project/300m9$Build-9358</meta:generator><dc:title>Default</dc:title><meta:creation-date>2009-02-12T14:39:37</meta:creation-date><dc:language>en-US</dc:language><meta:editing-cycles>15</meta:editing-cycles><meta:editing-duration>PT19H15M17S</meta:editing-duration><meta:initial-creator>Kir Kolyshkin</meta:initial-creator><dc:date>2009-02-21T22:27:11</dc:date><dc:creator>Kir Kolyshkin</dc:creator><meta:document-statistic meta:object-count="187"/><meta:user-defined meta:name="Info 1"/><meta:user-defined meta:name="Info 2"/><meta:user-defined meta:name="Info 3"/><meta:user-defined meta:name="Info 4"/><meta:template xlink:type="simple" xlink:actuate="onRequest" xlink:title="Default" xlink:href="/usr/lib64/openoffice.org/basis3.0/share/template/en-US/presnt/prs-default.otp" meta:date="2007-04-30T17:43:04"/></office:meta></office:document-meta>