<?xml version="1.0" encoding="UTF-8"?>
<office:document-styles xmlns:office="urn:oasis:names:tc:opendocument:xmlns:office:1.0" xmlns:style="urn:oasis:names:tc:opendocument:xmlns:style:1.0" xmlns:text="urn:oasis:names:tc:opendocument:xmlns:text:1.0" xmlns:table="urn:oasis:names:tc:opendocument:xmlns:table:1.0" xmlns:draw="urn:oasis:names:tc:opendocument:xmlns:drawing:1.0" xmlns:fo="urn:oasis:names:tc:opendocument:xmlns:xsl-fo-compatible:1.0" xmlns:xlink="http://www.w3.org/1999/xlink" xmlns:dc="http://purl.org/dc/elements/1.1/" xmlns:meta="urn:oasis:names:tc:opendocument:xmlns:meta:1.0" xmlns:number="urn:oasis:names:tc:opendocument:xmlns:datastyle:1.0" xmlns:presentation="urn:oasis:names:tc:opendocument:xmlns:presentation:1.0" xmlns:svg="urn:oasis:names:tc:opendocument:xmlns:svg-compatible:1.0" xmlns:chart="urn:oasis:names:tc:opendocument:xmlns:chart:1.0" xmlns:dr3d="urn:oasis:names:tc:opendocument:xmlns:dr3d:1.0" xmlns:math="http://www.w3.org/1998/Math/MathML" xmlns:form="urn:oasis:names:tc:opendocument:xmlns:form:1.0" xmlns:script="urn:oasis:names:tc:opendocument:xmlns:script:1.0" xmlns:ooo="http://openoffice.org/2004/office" xmlns:ooow="http://openoffice.org/2004/writer" xmlns:oooc="http://openoffice.org/2004/calc" xmlns:dom="http://www.w3.org/2001/xml-events" xmlns:smil="urn:oasis:names:tc:opendocument:xmlns:smil-compatible:1.0" xmlns:anim="urn:oasis:names:tc:opendocument:xmlns:animation:1.0" xmlns:rpt="http://openoffice.org/2005/report" xmlns:of="urn:oasis:names:tc:opendocument:xmlns:of:1.2" xmlns:rdfa="http://docs.oasis-open.org/opendocument/meta/rdfa#" office:version="1.2"><office:styles><draw:gradient draw:name="Gradient_20_1" draw:display-name="Gradient 1" draw:style="linear" draw:start-color="#000000" draw:end-color="#ffffff" draw:start-intensity="100%" draw:end-intensity="100%" draw:angle="0" draw:border="0%"/><draw:hatch draw:name="Black_20_0_20_Degrees" draw:display-name="Black 0 Degrees" draw:style="single" draw:color="#000000" draw:distance="0.102cm" draw:rotation="0"/><draw:fill-image draw:name="Empty" xlink:href="Pictures/100000000000000800000008913C8356.png" xlink:type="simple" xlink:show="embed" xlink:actuate="onLoad"/><draw:fill-image draw:name="Fmain" xlink:href="Pictures/100000000000040000000300C6D9BDF0.png" xlink:type="simple" xlink:show="embed" xlink:actuate="onLoad"/><draw:fill-image draw:name="Fsection" xlink:href="Pictures/100000000000040000000300DD678954.png" xlink:type="simple" xlink:show="embed" xlink:actuate="onLoad"/><draw:marker draw:name="Arrow" svg:viewBox="0 0 20 30" svg:d="m10 0-10 30h20z"/><style:default-style style:family="graphic"><style:paragraph-properties style:text-autospace="ideograph-alpha" style:punctuation-wrap="simple" style:line-break="strict" style:writing-mode="lr-tb" style:font-independent-line-spacing="false"><style:tab-stops/></style:paragraph-properties><style:text-properties style:use-window-font-color="true" fo:font-family="&apos;Nimbus Roman No9 L&apos;" style:font-family-generic="roman" style:font-pitch="variable" fo:font-size="24pt" fo:language="en" fo:country="US" style:font-family-asian="&apos;Nimbus Sans L&apos;" style:font-pitch-asian="variable" style:font-size-asian="24pt" style:language-asian="en" style:country-asian="IE" style:font-family-complex="Tahoma, Lucidasans, &apos;Lucida Sans&apos;, &apos;Arial Unicode MS&apos;" style:font-pitch-complex="variable" style:font-size-complex="24pt" style:language-complex="en" style:country-complex="IE"/></style:default-style><style:style style:name="standard" style:family="graphic"><style:graphic-properties draw:stroke="solid" svg:stroke-width="0cm" svg:stroke-color="#000000" draw:marker-start-width="0.3cm" draw:marker-start-center="false" draw:marker-end-width="0.3cm" draw:marker-end-center="false" draw:fill="solid" draw:fill-color="#99ccff" fo:padding-top="0.125cm" fo:padding-bottom="0.125cm" fo:padding-left="0.25cm" fo:padding-right="0.25cm" draw:shadow="hidden" draw:shadow-offset-x="0.3cm" draw:shadow-offset-y="0.3cm" draw:shadow-color="#808080"><text:list-style style:name="standard"><text:list-level-style-bullet text:level="1" text:bullet-char="●"><style:list-level-properties/><style:text-properties fo:font-family="StarSymbol" style:use-window-font-color="true" fo:font-size="45%"/></text:list-level-style-bullet><text:list-level-style-bullet text:level="2" text:bullet-char="●"><style:list-level-properties text:space-before="0.6cm" text:min-label-width="0.6cm"/><style:text-properties fo:font-family="StarSymbol" style:use-window-font-color="true" fo:font-size="45%"/></text:list-level-style-bullet><text:list-level-style-bullet text:level="3" text:bullet-char="●"><style:list-level-properties text:space-before="1.2cm" text:min-label-width="0.6cm"/><style:text-properties fo:font-family="StarSymbol" style:use-window-font-color="true" fo:font-size="45%"/></text:list-level-style-bullet><text:list-level-style-bullet text:level="4" text:bullet-char="●"><style:list-level-properties text:space-before="1.8cm" text:min-label-width="0.6cm"/><style:text-properties fo:font-family="StarSymbol" style:use-window-font-color="true" fo:font-size="45%"/></text:list-level-style-bullet><text:list-level-style-bullet text:level="5" text:bullet-char="●"><style:list-level-properties text:space-before="2.4cm" text:min-label-width="0.6cm"/><style:text-properties fo:font-family="StarSymbol" style:use-window-font-color="true" fo:font-size="45%"/></text:list-level-style-bullet><text:list-level-style-bullet text:level="6" text:bullet-char="●"><style:list-level-properties text:space-before="3cm" text:min-label-width="0.6cm"/><style:text-properties fo:font-family="StarSymbol" style:use-window-font-color="true" fo:font-size="45%"/></text:list-level-style-bullet><text:list-level-style-bullet text:level="7" text:bullet-char="●"><style:list-level-properties text:space-before="3.6cm" text:min-label-width="0.6cm"/><style:text-properties fo:font-family="StarSymbol" style:use-window-font-color="true" fo:font-size="45%"/></text:list-level-style-bullet><text:list-level-style-bullet text:level="8" text:bullet-char="●"><style:list-level-properties text:space-before="4.2cm" text:min-label-width="0.6cm"/><style:text-properties fo:font-family="StarSymbol" style:use-window-font-color="true" fo:font-size="45%"/></text:list-level-style-bullet><text:list-level-style-bullet text:level="9" text:bullet-char="●"><style:list-level-properties text:space-before="4.8cm" text:min-label-width="0.6cm"/><style:text-properties fo:font-family="StarSymbol" style:use-window-font-color="true" fo:font-size="45%"/></text:list-level-style-bullet><text:list-level-style-bullet text:level="10" text:bullet-char="●"><style:list-level-properties text:space-before="5.4cm" text:min-label-width="0.6cm"/><style:text-properties fo:font-family="StarSymbol" style:use-window-font-color="true" fo:font-size="45%"/></text:list-level-style-bullet></text:list-style></style:graphic-properties><style:paragraph-properties fo:margin-left="0cm" fo:margin-right="0cm" fo:margin-top="0cm" fo:margin-bottom="0cm" fo:line-height="100%" fo:text-indent="0cm"/><style:text-properties style:use-window-font-color="true" style:text-outline="false" style:text-line-through-style="none" fo:font-family="Arial" style:font-family-generic="roman" style:font-pitch="variable" fo:font-size="18pt" fo:font-style="normal" fo:text-shadow="none" style:text-underline-style="none" fo:font-weight="normal" style:letter-kerning="true" style:font-family-asian="Verdana" style:font-family-generic-asian="system" style:font-pitch-asian="variable" style:font-size-asian="18pt" style:font-style-asian="normal" style:font-weight-asian="normal" style:font-family-complex="Tahoma" style:font-family-generic-complex="system" style:font-pitch-complex="variable" style:font-size-complex="18pt" style:font-style-complex="normal" style:font-weight-complex="normal" style:text-emphasize="none" style:font-relief="none"/></style:style><style:style style:name="objectwitharrow" style:family="graphic" style:parent-style-name="standard"><style:graphic-properties draw:stroke="solid" svg:stroke-width="0.15cm" svg:stroke-color="#000000" draw:marker-start="Arrow" draw:marker-start-width="0.7cm" draw:marker-start-center="true" draw:marker-end-width="0.3cm"/></style:style><style:style style:name="objectwithshadow" style:family="graphic" style:parent-style-name="standard"><style:graphic-properties draw:shadow="visible" draw:shadow-offset-x="0.3cm" draw:shadow-offset-y="0.3cm" draw:shadow-color="#808080"/></style:style><style:style style:name="objectwithoutfill" style:family="graphic" style:parent-style-name="standard"><style:graphic-properties draw:fill="none"/></style:style><style:style style:name="text" style:family="graphic" style:parent-style-name="standard"><style:graphic-properties draw:stroke="none" draw:fill="none"/></style:style><style:style style:name="textbody" style:family="graphic" style:parent-style-name="standard"><style:graphic-properties draw:stroke="none" draw:fill="none"/><style:text-properties fo:font-size="16pt"/></style:style><style:style style:name="textbodyjustfied" style:family="graphic" style:parent-style-name="standard"><style:graphic-properties draw:stroke="none" draw:fill="none"/><style:paragraph-properties fo:text-align="justify"/></style:style><style:style style:name="textbodyindent" style:family="graphic" style:parent-style-name="standard"><style:graphic-properties draw:stroke="none" draw:fill="none"/><style:paragraph-properties fo:margin-left="0cm" fo:margin-right="0cm" fo:text-indent="0.6cm"/></style:style><style:style style:name="title" style:family="graphic" style:parent-style-name="standard"><style:graphic-properties draw:stroke="none" draw:fill="none"/><style:text-properties fo:font-size="44pt"/></style:style><style:style style:name="title1" style:family="graphic" style:parent-style-name="standard"><style:graphic-properties draw:stroke="none" draw:fill="solid" draw:fill-color="#008080" draw:shadow="visible" draw:shadow-offset-x="0.2cm" draw:shadow-offset-y="0.2cm" draw:shadow-color="#808080"/><style:paragraph-properties fo:text-align="center"/><style:text-properties fo:font-size="24pt"/></style:style><style:style style:name="title2" style:family="graphic" style:parent-style-name="standard"><style:graphic-properties svg:stroke-width="0.05cm" draw:fill-color="#ffcc99" draw:shadow="visible" draw:shadow-offset-x="0.2cm" draw:shadow-offset-y="0.2cm" draw:shadow-color="#808080"/><style:paragraph-properties fo:margin-left="0cm" fo:margin-right="0.2cm" fo:margin-top="0.1cm" fo:margin-bottom="0.1cm" fo:text-align="center" fo:text-indent="0cm"/><style:text-properties fo:font-size="36pt"/></style:style><style:style style:name="headline" style:family="graphic" style:parent-style-name="standard"><style:graphic-properties draw:stroke="none" draw:fill="none"/><style:paragraph-properties fo:margin-top="0.42cm" fo:margin-bottom="0.21cm"/><style:text-properties fo:font-size="24pt"/></style:style><style:style style:name="headline1" style:family="graphic" style:parent-style-name="standard"><style:graphic-properties draw:stroke="none" draw:fill="none"/><style:paragraph-properties fo:margin-top="0.42cm" fo:margin-bottom="0.21cm"/><style:text-properties fo:font-size="18pt" fo:font-weight="bold"/></style:style><style:style style:name="headline2" style:family="graphic" style:parent-style-name="standard"><style:graphic-properties draw:stroke="none" draw:fill="none"/><style:paragraph-properties fo:margin-top="0.42cm" fo:margin-bottom="0.21cm"/><style:text-properties fo:font-size="14pt" fo:font-style="italic" fo:font-weight="bold"/></style:style><style:style style:name="measure" style:family="graphic" style:parent-style-name="standard"><style:graphic-properties draw:stroke="solid" draw:marker-start="Arrow" draw:marker-start-width="0.2cm" draw:marker-end="Arrow" draw:marker-end-width="0.2cm" draw:fill="none" draw:show-unit="true"/><style:text-properties fo:font-size="12pt"/></style:style><style:style style:name="lyt-default-background" style:family="presentation"><style:graphic-properties draw:stroke="none" draw:fill="none"/></style:style><style:style style:name="lyt-default-backgroundobjects" style:family="presentation"><style:graphic-properties draw:shadow="hidden" draw:shadow-offset-x="0.3cm" draw:shadow-offset-y="0.3cm" draw:shadow-color="#808080"/></style:style><style:style style:name="lyt-default-notes" style:family="presentation"><style:graphic-properties draw:stroke="none" draw:fill="none"><text:list-style style:name="lyt-default-notes"><text:list-level-style-bullet text:level="1" text:bullet-char="●"><style:list-level-properties text:min-label-width="0.6cm"/><style:text-properties fo:font-family="StarSymbol" style:use-window-font-color="true" fo:font-size="45%"/></text:list-level-style-bullet><text:list-level-style-bullet text:level="2" text:bullet-char="●"><style:list-level-properties text:space-before="0.6cm" text:min-label-width="0.6cm"/><style:text-properties fo:font-family="StarSymbol" style:use-window-font-color="true" fo:font-size="45%"/></text:list-level-style-bullet><text:list-level-style-bullet text:level="3" text:bullet-char="●"><style:list-level-properties text:space-before="1.2cm" text:min-label-width="0.6cm"/><style:text-properties fo:font-family="StarSymbol" style:use-window-font-color="true" fo:font-size="45%"/></text:list-level-style-bullet><text:list-level-style-bullet text:level="4" text:bullet-char="●"><style:list-level-properties text:space-before="1.8cm" text:min-label-width="0.6cm"/><style:text-properties fo:font-family="StarSymbol" style:use-window-font-color="true" fo:font-size="45%"/></text:list-level-style-bullet><text:list-level-style-bullet text:level="5" text:bullet-char="●"><style:list-level-properties text:space-before="2.4cm" text:min-label-width="0.6cm"/><style:text-properties fo:font-family="StarSymbol" style:use-window-font-color="true" fo:font-size="45%"/></text:list-level-style-bullet><text:list-level-style-bullet text:level="6" text:bullet-char="●"><style:list-level-properties text:space-before="3cm" text:min-label-width="0.6cm"/><style:text-properties fo:font-family="StarSymbol" style:use-window-font-color="true" fo:font-size="45%"/></text:list-level-style-bullet><text:list-level-style-bullet text:level="7" text:bullet-char="●"><style:list-level-properties text:space-before="3.6cm" text:min-label-width="0.6cm"/><style:text-properties fo:font-family="StarSymbol" style:use-window-font-color="true" fo:font-size="45%"/></text:list-level-style-bullet><text:list-level-style-bullet text:level="8" text:bullet-char="●"><style:list-level-properties text:space-before="4.2cm" text:min-label-width="0.6cm"/><style:text-properties fo:font-family="StarSymbol" style:use-window-font-color="true" fo:font-size="45%"/></text:list-level-style-bullet><text:list-level-style-bullet text:level="9" text:bullet-char="●"><style:list-level-properties text:space-before="4.8cm" text:min-label-width="0.6cm"/><style:text-properties fo:font-family="StarSymbol" style:use-window-font-color="true" fo:font-size="45%"/></text:list-level-style-bullet><text:list-level-style-bullet text:level="10" text:bullet-char="●"><style:list-level-properties text:space-before="5.4cm" text:min-label-width="0.6cm"/><style:text-properties fo:font-family="StarSymbol" style:use-window-font-color="true" fo:font-size="45%"/></text:list-level-style-bullet></text:list-style></style:graphic-properties><style:paragraph-properties fo:margin-left="0.6cm" fo:margin-right="0cm" fo:text-indent="0cm"/><style:text-properties style:use-window-font-color="true" style:text-outline="false" style:text-line-through-style="none" fo:font-family="&apos;Nimbus Roman No9 L&apos;" style:font-family-generic="roman" style:font-pitch="variable" fo:font-size="20pt" fo:font-style="normal" fo:text-shadow="none" style:text-underline-style="none" fo:font-weight="normal" style:font-family-asian="&apos;HG Mincho Light J&apos;, &apos;MS Gothic&apos;, &apos;HG Gothic J&apos;, &apos;HG Gothic B&apos;, &apos;HG Gothic&apos;, Gothic, &apos;MS PGothic&apos;, &apos;Andale Sans UI&apos;, &apos;Arial Unicode MS&apos;, &apos;Lucida Sans Unicode&apos;, Tahoma" style:font-pitch-asian="variable" style:font-size-asian="20pt" style:font-style-asian="normal" style:font-weight-asian="normal" style:font-family-complex="Tahoma, Lucidasans, &apos;Lucida Sans&apos;, &apos;Arial Unicode MS&apos;" style:font-pitch-complex="variable" style:font-size-complex="20pt" style:font-style-complex="normal" style:font-weight-complex="normal" style:font-relief="none"/></style:style><style:style style:name="lyt-default-outline1" style:family="presentation"><style:graphic-properties draw:stroke="none" draw:fill="none"><text:list-style style:name="lyt-default-outline1"><text:list-level-style-bullet text:level="1" text:bullet-char="●"><style:list-level-properties text:space-before="0.3cm" text:min-label-width="0.9cm"/><style:text-properties fo:font-family="StarSymbol" style:use-window-font-color="true" fo:font-size="45%"/></text:list-level-style-bullet><text:list-level-style-bullet text:level="2" text:bullet-char="–"><style:list-level-properties text:space-before="1.6cm" text:min-label-width="0.8cm"/><style:text-properties fo:font-family="StarSymbol" style:use-window-font-color="true" fo:font-size="75%"/></text:list-level-style-bullet><text:list-level-style-bullet text:level="3" text:bullet-char="●"><style:list-level-properties text:space-before="3cm" text:min-label-width="0.6cm"/><style:text-properties fo:font-family="StarSymbol" style:use-window-font-color="true" fo:font-size="45%"/></text:list-level-style-bullet><text:list-level-style-bullet text:level="4" text:bullet-char="–"><style:list-level-properties text:space-before="4.2cm" text:min-label-width="0.6cm"/><style:text-properties fo:font-family="StarSymbol" style:use-window-font-color="true" fo:font-size="75%"/></text:list-level-style-bullet><text:list-level-style-bullet text:level="5" text:bullet-char="●"><style:list-level-properties text:space-before="5.4cm" text:min-label-width="0.6cm"/><style:text-properties fo:font-family="StarSymbol" style:use-window-font-color="true" fo:font-size="45%"/></text:list-level-style-bullet><text:list-level-style-bullet text:level="6" text:bullet-char="●"><style:list-level-properties text:space-before="6.6cm" text:min-label-width="0.6cm"/><style:text-properties fo:font-family="StarSymbol" style:use-window-font-color="true" fo:font-size="45%"/></text:list-level-style-bullet><text:list-level-style-bullet text:level="7" text:bullet-char="●"><style:list-level-properties text:space-before="7.8cm" text:min-label-width="0.6cm"/><style:text-properties fo:font-family="StarSymbol" style:use-window-font-color="true" fo:font-size="45%"/></text:list-level-style-bullet><text:list-level-style-bullet text:level="8" text:bullet-char="●"><style:list-level-properties text:space-before="9cm" text:min-label-width="0.6cm"/><style:text-properties fo:font-family="StarSymbol" style:use-window-font-color="true" fo:font-size="45%"/></text:list-level-style-bullet><text:list-level-style-bullet text:level="9" text:bullet-char="●"><style:list-level-properties text:space-before="10.2cm" text:min-label-width="0.6cm"/><style:text-properties fo:font-family="StarSymbol" style:use-window-font-color="true" fo:font-size="45%"/></text:list-level-style-bullet><text:list-level-style-bullet text:level="10" text:bullet-char="●"><style:list-level-properties text:space-before="5.4cm" text:min-label-width="0.6cm"/><style:text-properties fo:font-family="StarSymbol" style:use-window-font-color="true" fo:font-size="45%"/></text:list-level-style-bullet></text:list-style></style:graphic-properties><style:paragraph-properties fo:margin-left="1.2cm" fo:margin-right="0cm" fo:margin-top="0cm" fo:margin-bottom="0.5cm" fo:text-indent="0cm"/><style:text-properties style:use-window-font-color="true" style:text-outline="false" style:text-line-through-style="none" fo:font-family="&apos;Nimbus Roman No9 L&apos;" style:font-family-generic="roman" style:font-pitch="variable" fo:font-size="32pt" fo:font-style="normal" fo:text-shadow="none" style:text-underline-style="none" fo:font-weight="normal" style:font-family-asian="&apos;HG Mincho Light J&apos;, &apos;MS Gothic&apos;, &apos;HG Gothic J&apos;, &apos;HG Gothic B&apos;, &apos;HG Gothic&apos;, Gothic, &apos;MS PGothic&apos;, &apos;Andale Sans UI&apos;, &apos;Arial Unicode MS&apos;, &apos;Lucida Sans Unicode&apos;, Tahoma" style:font-pitch-asian="variable" style:font-size-asian="32pt" style:font-style-asian="normal" style:font-weight-asian="normal" style:font-family-complex="Tahoma, Lucidasans, &apos;Lucida Sans&apos;, &apos;Arial Unicode MS&apos;" style:font-pitch-complex="variable" style:font-size-complex="32pt" style:font-style-complex="normal" style:font-weight-complex="normal" style:font-relief="none"/></style:style><style:style style:name="lyt-default-outline2" style:family="presentation" style:parent-style-name="lyt-default-outline1"><style:paragraph-properties fo:margin-left="2.4cm" fo:margin-right="0cm" fo:margin-top="0cm" fo:margin-bottom="0.4cm" fo:text-indent="-0.8cm"/><style:text-properties fo:font-size="28pt" style:font-size-asian="28pt" style:font-size-complex="28pt"/></style:style><style:style style:name="lyt-default-outline3" style:family="presentation" style:parent-style-name="lyt-default-outline2"><style:paragraph-properties fo:margin-left="3.6cm" fo:margin-right="0cm" fo:margin-top="0cm" fo:margin-bottom="0.3cm" fo:text-indent="-0.6cm"/><style:text-properties fo:font-size="24pt" style:font-size-asian="24pt" style:font-size-complex="24pt"/></style:style><style:style style:name="lyt-default-outline4" style:family="presentation" style:parent-style-name="lyt-default-outline3"><style:paragraph-properties fo:margin-left="4.8cm" fo:margin-right="0cm" fo:margin-top="0cm" fo:margin-bottom="0.2cm" fo:text-indent="-0.6cm"/><style:text-properties fo:font-size="20pt" style:font-size-asian="20pt" style:font-size-complex="20pt"/></style:style><style:style style:name="lyt-default-outline5" style:family="presentation" style:parent-style-name="lyt-default-outline4"><style:paragraph-properties fo:margin-left="6cm" fo:margin-right="0cm" fo:margin-top="0cm" fo:margin-bottom="0.1cm" fo:text-indent="-0.6cm"/><style:text-properties fo:font-size="20pt" style:font-size-asian="20pt" style:font-size-complex="20pt"/></style:style><style:style style:name="lyt-default-outline6" style:family="presentation" style:parent-style-name="lyt-default-outline5"><style:paragraph-properties fo:margin-left="7.2cm" fo:margin-right="0cm" fo:margin-top="0cm" fo:margin-bottom="0.1cm" fo:text-indent="-0.6cm"/><style:text-properties fo:font-size="20pt" style:font-size-asian="20pt" style:font-size-complex="20pt"/></style:style><style:style style:name="lyt-default-outline7" style:family="presentation" style:parent-style-name="lyt-default-outline6"><style:paragraph-properties fo:margin-left="8.4cm" fo:margin-right="0cm" fo:margin-top="0cm" fo:margin-bottom="0.1cm" fo:text-indent="-0.6cm"/><style:text-properties fo:font-size="20pt" style:font-size-asian="20pt" style:font-size-complex="20pt"/></style:style><style:style style:name="lyt-default-outline8" style:family="presentation" style:parent-style-name="lyt-default-outline7"><style:paragraph-properties fo:margin-left="9.6cm" fo:margin-right="0cm" fo:margin-top="0cm" fo:margin-bottom="0.1cm" fo:text-indent="-0.6cm"/><style:text-properties fo:font-size="20pt" style:font-size-asian="20pt" style:font-size-complex="20pt"/></style:style><style:style style:name="lyt-default-outline9" style:family="presentation" style:parent-style-name="lyt-default-outline8"><style:paragraph-properties fo:margin-left="10.8cm" fo:margin-right="0cm" fo:margin-top="0cm" fo:margin-bottom="0.1cm" fo:text-indent="-0.6cm"/><style:text-properties fo:font-size="20pt" style:font-size-asian="20pt" style:font-size-complex="20pt"/></style:style><style:style style:name="lyt-default-subtitle" style:family="presentation"><style:graphic-properties draw:stroke="none" draw:fill="none" draw:textarea-vertical-align="middle"><text:list-style style:name="lyt-default-subtitle"><text:list-level-style-bullet text:level="1" text:bullet-char="●"><style:list-level-properties/><style:text-properties fo:font-family="StarSymbol" style:use-window-font-color="true" fo:font-size="45%"/></text:list-level-style-bullet><text:list-level-style-bullet text:level="2" text:bullet-char="●"><style:list-level-properties text:space-before="0.6cm" text:min-label-width="0.6cm"/><style:text-properties fo:font-family="StarSymbol" style:use-window-font-color="true" fo:font-size="45%"/></text:list-level-style-bullet><text:list-level-style-bullet text:level="3" text:bullet-char="●"><style:list-level-properties text:space-before="1.2cm" text:min-label-width="0.6cm"/><style:text-properties fo:font-family="StarSymbol" style:use-window-font-color="true" fo:font-size="45%"/></text:list-level-style-bullet><text:list-level-style-bullet text:level="4" text:bullet-char="●"><style:list-level-properties text:space-before="1.8cm" text:min-label-width="0.6cm"/><style:text-properties fo:font-family="StarSymbol" style:use-window-font-color="true" fo:font-size="45%"/></text:list-level-style-bullet><text:list-level-style-bullet text:level="5" text:bullet-char="●"><style:list-level-properties text:space-before="2.4cm" text:min-label-width="0.6cm"/><style:text-properties fo:font-family="StarSymbol" style:use-window-font-color="true" fo:font-size="45%"/></text:list-level-style-bullet><text:list-level-style-bullet text:level="6" text:bullet-char="●"><style:list-level-properties text:space-before="3cm" text:min-label-width="0.6cm"/><style:text-properties fo:font-family="StarSymbol" style:use-window-font-color="true" fo:font-size="45%"/></text:list-level-style-bullet><text:list-level-style-bullet text:level="7" text:bullet-char="●"><style:list-level-properties text:space-before="3.6cm" text:min-label-width="0.6cm"/><style:text-properties fo:font-family="StarSymbol" style:use-window-font-color="true" fo:font-size="45%"/></text:list-level-style-bullet><text:list-level-style-bullet text:level="8" text:bullet-char="●"><style:list-level-properties text:space-before="4.2cm" text:min-label-width="0.6cm"/><style:text-properties fo:font-family="StarSymbol" style:use-window-font-color="true" fo:font-size="45%"/></text:list-level-style-bullet><text:list-level-style-bullet text:level="9" text:bullet-char="●"><style:list-level-properties text:space-before="4.8cm" text:min-label-width="0.6cm"/><style:text-properties fo:font-family="StarSymbol" style:use-window-font-color="true" fo:font-size="45%"/></text:list-level-style-bullet><text:list-level-style-bullet text:level="10" text:bullet-char="●"><style:list-level-properties text:space-before="5.4cm" text:min-label-width="0.6cm"/><style:text-properties fo:font-family="StarSymbol" style:use-window-font-color="true" fo:font-size="45%"/></text:list-level-style-bullet></text:list-style></style:graphic-properties><style:paragraph-properties fo:margin-left="0cm" fo:margin-right="0cm" fo:text-align="center" fo:text-indent="0cm"/><style:text-properties style:use-window-font-color="true" style:text-outline="false" style:text-line-through-style="none" fo:font-family="&apos;Nimbus Roman No9 L&apos;" style:font-family-generic="roman" style:font-pitch="variable" fo:font-size="32pt" fo:font-style="normal" fo:text-shadow="none" style:text-underline-style="none" fo:font-weight="normal" style:font-family-asian="&apos;HG Mincho Light J&apos;, &apos;MS Gothic&apos;, &apos;HG Gothic J&apos;, &apos;HG Gothic B&apos;, &apos;HG Gothic&apos;, Gothic, &apos;MS PGothic&apos;, &apos;Andale Sans UI&apos;, &apos;Arial Unicode MS&apos;, &apos;Lucida Sans Unicode&apos;, Tahoma" style:font-pitch-asian="variable" style:font-size-asian="32pt" style:font-style-asian="normal" style:font-weight-asian="normal" style:font-family-complex="Tahoma, Lucidasans, &apos;Lucida Sans&apos;, &apos;Arial Unicode MS&apos;" style:font-pitch-complex="variable" style:font-size-complex="32pt" style:font-style-complex="normal" style:font-weight-complex="normal" style:font-relief="none"/></style:style><style:style style:name="lyt-default-title" style:family="presentation"><style:graphic-properties draw:stroke="none" draw:fill="none" draw:textarea-vertical-align="middle"><text:list-style style:name="lyt-default-title"><text:list-level-style-bullet text:level="1" text:bullet-char="●"><style:list-level-properties/><style:text-properties fo:font-family="StarSymbol" style:use-window-font-color="true" fo:font-size="45%"/></text:list-level-style-bullet><text:list-level-style-bullet text:level="2" text:bullet-char="●"><style:list-level-properties text:space-before="0.6cm" text:min-label-width="0.6cm"/><style:text-properties fo:font-family="StarSymbol" style:use-window-font-color="true" fo:font-size="45%"/></text:list-level-style-bullet><text:list-level-style-bullet text:level="3" text:bullet-char="●"><style:list-level-properties text:space-before="1.2cm" text:min-label-width="0.6cm"/><style:text-properties fo:font-family="StarSymbol" style:use-window-font-color="true" fo:font-size="45%"/></text:list-level-style-bullet><text:list-level-style-bullet text:level="4" text:bullet-char="●"><style:list-level-properties text:space-before="1.8cm" text:min-label-width="0.6cm"/><style:text-properties fo:font-family="StarSymbol" style:use-window-font-color="true" fo:font-size="45%"/></text:list-level-style-bullet><text:list-level-style-bullet text:level="5" text:bullet-char="●"><style:list-level-properties text:space-before="2.4cm" text:min-label-width="0.6cm"/><style:text-properties fo:font-family="StarSymbol" style:use-window-font-color="true" fo:font-size="45%"/></text:list-level-style-bullet><text:list-level-style-bullet text:level="6" text:bullet-char="●"><style:list-level-properties text:space-before="3cm" text:min-label-width="0.6cm"/><style:text-properties fo:font-family="StarSymbol" style:use-window-font-color="true" fo:font-size="45%"/></text:list-level-style-bullet><text:list-level-style-bullet text:level="7" text:bullet-char="●"><style:list-level-properties text:space-before="3.6cm" text:min-label-width="0.6cm"/><style:text-properties fo:font-family="StarSymbol" style:use-window-font-color="true" fo:font-size="45%"/></text:list-level-style-bullet><text:list-level-style-bullet text:level="8" text:bullet-char="●"><style:list-level-properties text:space-before="4.2cm" text:min-label-width="0.6cm"/><style:text-properties fo:font-family="StarSymbol" style:use-window-font-color="true" fo:font-size="45%"/></text:list-level-style-bullet><text:list-level-style-bullet text:level="9" text:bullet-char="●"><style:list-level-properties text:space-before="4.8cm" text:min-label-width="0.6cm"/><style:text-properties fo:font-family="StarSymbol" style:use-window-font-color="true" fo:font-size="45%"/></text:list-level-style-bullet><text:list-level-style-bullet text:level="10" text:bullet-char="●"><style:list-level-properties text:space-before="5.4cm" text:min-label-width="0.6cm"/><style:text-properties fo:font-family="StarSymbol" style:use-window-font-color="true" fo:font-size="45%"/></text:list-level-style-bullet></text:list-style></style:graphic-properties><style:paragraph-properties fo:text-align="center"/><style:text-properties style:use-window-font-color="true" style:text-outline="false" style:text-line-through-style="none" fo:font-family="&apos;Nimbus Sans L&apos;" style:font-family-generic="swiss" style:font-pitch="variable" fo:font-size="54pt" fo:font-style="normal" fo:text-shadow="none" style:text-underline-style="none" fo:font-weight="normal" style:font-family-asian="&apos;HG Mincho Light J&apos;, &apos;MS Gothic&apos;, &apos;HG Gothic J&apos;, &apos;HG Gothic B&apos;, &apos;HG Gothic&apos;, Gothic, &apos;MS PGothic&apos;, &apos;Andale Sans UI&apos;, &apos;Arial Unicode MS&apos;, &apos;Lucida Sans Unicode&apos;, Tahoma" style:font-pitch-asian="variable" style:font-size-asian="44pt" style:font-style-asian="normal" style:font-weight-asian="normal" style:font-family-complex="Tahoma, Lucidasans, &apos;Lucida Sans&apos;, &apos;Arial Unicode MS&apos;" style:font-pitch-complex="variable" style:font-size-complex="44pt" style:font-style-complex="normal" style:font-weight-complex="normal" style:font-relief="none"/></style:style><style:presentation-page-layout style:name="AL0T25"><presentation:placeholder presentation:object="handout" svg:x="2.057cm" svg:y="1.743cm" svg:width="10.555cm" svg:height="0.703cm"/><presentation:placeholder presentation:object="handout" svg:x="15.412cm" svg:y="1.743cm" svg:width="10.555cm" svg:height="0.703cm"/><presentation:placeholder presentation:object="handout" svg:x="2.057cm" svg:y="4.546cm" svg:width="10.555cm" svg:height="0.703cm"/><presentation:placeholder presentation:object="handout" svg:x="15.412cm" svg:y="4.546cm" svg:width="10.555cm" svg:height="0.703cm"/></style:presentation-page-layout><style:presentation-page-layout style:name="AL1T0"><presentation:placeholder presentation:object="title" svg:x="2.057cm" svg:y="1.743cm" svg:width="23.911cm" svg:height="3.507cm"/><presentation:placeholder presentation:object="subtitle" svg:x="2.057cm" svg:y="5.838cm" svg:width="23.911cm" svg:height="13.23cm"/></style:presentation-page-layout><style:presentation-page-layout style:name="AL2T1"><presentation:placeholder presentation:object="title" svg:x="2.057cm" svg:y="1.743cm" svg:width="23.911cm" svg:height="3.507cm"/><presentation:placeholder presentation:object="outline" svg:x="2.057cm" svg:y="5.838cm" svg:width="23.911cm" svg:height="13.23cm"/></style:presentation-page-layout><style:presentation-page-layout style:name="AL3T19"><presentation:placeholder presentation:object="title" svg:x="2.057cm" svg:y="1.743cm" svg:width="23.911cm" svg:height="3.507cm"/></style:presentation-page-layout><style:presentation-page-layout style:name="AL4T3"><presentation:placeholder presentation:object="title" svg:x="2.057cm" svg:y="1.743cm" svg:width="23.911cm" svg:height="3.507cm"/><presentation:placeholder presentation:object="outline" svg:x="2.057cm" svg:y="5.838cm" svg:width="11.669cm" svg:height="13.23cm"/><presentation:placeholder presentation:object="outline" svg:x="14.309cm" svg:y="5.838cm" svg:width="-0.585cm" svg:height="13.23cm"/></style:presentation-page-layout></office:styles><office:automatic-styles><style:page-layout style:name="PM0"><style:page-layout-properties fo:margin-top="0cm" fo:margin-bottom="0cm" fo:margin-left="0cm" fo:margin-right="0cm" fo:page-width="29.701cm" fo:page-height="20.989cm" style:print-orientation="landscape"/></style:page-layout><style:page-layout style:name="PM1"><style:page-layout-properties fo:margin-top="0cm" fo:margin-bottom="0cm" fo:margin-left="0cm" fo:margin-right="0cm" fo:page-width="28cm" fo:page-height="21cm" style:print-orientation="landscape"/></style:page-layout><style:page-layout style:name="PM2"><style:page-layout-properties fo:margin-top="0cm" fo:margin-bottom="0cm" fo:margin-left="0cm" fo:margin-right="0cm" fo:page-width="20.989cm" fo:page-height="29.701cm" style:print-orientation="landscape"/></style:page-layout><style:style style:name="Mdp1" style:family="drawing-page"><style:drawing-page-properties draw:background-size="border" draw:fill="none"/></style:style><style:style style:name="Mdp2" style:family="drawing-page"><style:drawing-page-properties presentation:display-header="true" presentation:display-footer="true" presentation:display-page-number="false" presentation:display-date-time="true"/></style:style><style:style style:name="Mgr1" style:family="graphic" style:parent-style-name="standard"><style:graphic-properties svg:stroke-color="#0062b1" draw:fill="solid" draw:fill-color="#0062b1" draw:fill-gradient-name="Gradient_20_1" draw:fill-hatch-name="Black_20_0_20_Degrees" draw:fill-image-name="Empty" draw:textarea-horizontal-align="center" draw:textarea-vertical-align="middle" draw:shadow-offset-x="0.305cm" draw:shadow-offset-y="0.305cm"/></style:style><style:style style:name="Mpr1" style:family="presentation" style:parent-style-name="lyt-default-title"><style:graphic-properties draw:fill-color="#ffffff" draw:auto-grow-height="false" fo:min-height="3.508cm"/></style:style><style:style style:name="MP1" style:family="paragraph"><style:paragraph-properties fo:margin-left="0cm" fo:margin-right="0cm" fo:text-indent="0cm"/></style:style><style:style style:name="MP2" style:family="paragraph"><style:paragraph-properties fo:text-align="center"/></style:style><text:list-style style:name="ML1"><text:list-level-style-bullet text:level="1" text:bullet-char="●"><style:list-level-properties/><style:text-properties fo:font-family="StarSymbol" style:use-window-font-color="true" fo:font-size="45%"/></text:list-level-style-bullet><text:list-level-style-bullet text:level="2" text:bullet-char="●"><style:list-level-properties text:space-before="0.6cm" text:min-label-width="0.6cm"/><style:text-properties fo:font-family="StarSymbol" style:use-window-font-color="true" fo:font-size="45%"/></text:list-level-style-bullet><text:list-level-style-bullet text:level="3" text:bullet-char="●"><style:list-level-properties text:space-before="1.2cm" text:min-label-width="0.6cm"/><style:text-properties fo:font-family="StarSymbol" style:use-window-font-color="true" fo:font-size="45%"/></text:list-level-style-bullet><text:list-level-style-bullet text:level="4" text:bullet-char="●"><style:list-level-properties text:space-before="1.8cm" text:min-label-width="0.6cm"/><style:text-properties fo:font-family="StarSymbol" style:use-window-font-color="true" fo:font-size="45%"/></text:list-level-style-bullet><text:list-level-style-bullet text:level="5" text:bullet-char="●"><style:list-level-properties text:space-before="2.4cm" text:min-label-width="0.6cm"/><style:text-properties fo:font-family="StarSymbol" style:use-window-font-color="true" fo:font-size="45%"/></text:list-level-style-bullet><text:list-level-style-bullet text:level="6" text:bullet-char="●"><style:list-level-properties text:space-before="3cm" text:min-label-width="0.6cm"/><style:text-properties fo:font-family="StarSymbol" style:use-window-font-color="true" fo:font-size="45%"/></text:list-level-style-bullet><text:list-level-style-bullet text:level="7" text:bullet-char="●"><style:list-level-properties text:space-before="3.6cm" text:min-label-width="0.6cm"/><style:text-properties fo:font-family="StarSymbol" style:use-window-font-color="true" fo:font-size="45%"/></text:list-level-style-bullet><text:list-level-style-bullet text:level="8" text:bullet-char="●"><style:list-level-properties text:space-before="4.2cm" text:min-label-width="0.6cm"/><style:text-properties fo:font-family="StarSymbol" style:use-window-font-color="true" fo:font-size="45%"/></text:list-level-style-bullet><text:list-level-style-bullet text:level="9" text:bullet-char="●"><style:list-level-properties text:space-before="4.8cm" text:min-label-width="0.6cm"/><style:text-properties fo:font-family="StarSymbol" style:use-window-font-color="true" fo:font-size="45%"/></text:list-level-style-bullet><text:list-level-style-bullet text:level="10" text:bullet-char="●"><style:list-level-properties text:space-before="5.4cm" text:min-label-width="0.6cm"/><style:text-properties fo:font-family="StarSymbol" style:use-window-font-color="true" fo:font-size="45%"/></text:list-level-style-bullet></text:list-style></office:automatic-styles><office:master-styles><draw:layer-set><draw:layer draw:name="layout"/><draw:layer draw:name="background"/><draw:layer draw:name="backgroundobjects"/><draw:layer draw:name="controls"/><draw:layer draw:name="measurelines"/></draw:layer-set><style:handout-master presentation:presentation-page-layout-name="AL0T25" style:page-layout-name="PM0" draw:style-name="Mdp2"><draw:page-thumbnail draw:layer="backgroundobjects" svg:width="8.566cm" svg:height="6.424cm" svg:x="1cm" svg:y="2.809cm" draw:page-number="1"/><draw:page-thumbnail draw:layer="backgroundobjects" svg:width="8.566cm" svg:height="6.424cm" svg:x="10.567cm" svg:y="2.809cm"/><draw:page-thumbnail draw:layer="backgroundobjects" svg:width="8.566cm" svg:height="6.424cm" svg:x="20.134cm" svg:y="2.809cm"/></style:handout-master><style:master-page style:name="lyt-default" style:page-layout-name="PM1" draw:style-name="Mdp1"><office:forms form:automatic-focus="false" form:apply-design-mode="false"/><draw:frame presentation:style-name="Mpr1" draw:text-style-name="MP1" draw:layer="backgroundobjects" svg:width="23.91cm" svg:height="3.506cm" svg:x="2.056cm" svg:y="1.742cm" presentation:class="title"><draw:text-box><text:p text:style-name="MP1">Click to edit the title</text:p></draw:text-box></draw:frame><draw:frame presentation:style-name="lyt-default-outline1" draw:layer="backgroundobjects" svg:width="23.91cm" svg:height="13.229cm" svg:x="2.056cm" svg:y="5.837cm" presentation:class="outline" presentation:placeholder="true"><draw:text-box/></draw:frame><draw:rect draw:style-name="Mgr1" draw:text-style-name="MP2" draw:layer="backgroundobjects" svg:width="28cm" svg:height="0.217cm" svg:x="0cm" svg:y="20.782cm"><text:p/></draw:rect><presentation:notes style:page-layout-name="PM2"><draw:page-thumbnail presentation:style-name="lyt-default-title" draw:layer="backgroundobjects" svg:width="12.767cm" svg:height="9.575cm" svg:x="4.411cm" svg:y="2.794cm" presentation:class="page"/><draw:frame presentation:style-name="lyt-default-notes" draw:layer="backgroundobjects" svg:width="15.02cm" svg:height="10.628cm" svg:x="3.292cm" svg:y="13.299cm" presentation:class="notes" presentation:placeholder="true"><draw:text-box/></draw:frame></presentation:notes></style:master-page></office:master-styles></office:document-styles>