<?xml version="1.0" encoding="UTF-8"?>
<gradebook>
    <task-list>
        <task date="2005-09-10" id="A01" max="100" recorded="yes"
            type="lab" weight="6">Assignment 1 - Basic HTML</task>
        <task date="2005-09-17" id="A02" max="100" recorded="yes"
            type="lab" weight="6">Assignment 2 - Text Formatting</task>
        <task date="2005-09-24" id="A03" max="100" recorded="yes"
            type="lab" weight="6">Assignment 3 - Lists and Entities</task>
        <task date="2005-10-01" id="A04" max="100" recorded="yes"
            type="lab" weight="6">Assignment 4 - Colored/Sized Text</task>
        <task date="2005-10-22" id="M01" max="100" recorded="yes"
            type="midterm" weight="20">Midterm</task>
        <task date="2005-10-29" id="A05" max="100" recorded="yes"
            type="lab" weight="9">Assignment 5 - Links and Images</task>
        <task date="2005-11-12" id="A06" max="100" recorded="yes"
            type="lab" weight="6">Assignment 6 - Internal Stylesheets</task>
        <task date="2005-11-26" id="A07" max="100" recorded="yes"
            type="lab" weight="6">Assignment 7 - Tables</task>
        <task date="2005-12-03" id="A08" max="100" recorded="yes"
            type="lab" weight="6">Assignment 8 - External Style Sheets</task>
        <task date="2005-12-16" id="A09" max="100" recorded="yes"
            type="lab" weight="9">Assignment 9 - Final Project</task>
        <task date="2005-12-17" id="F01" max="110" recorded="yes"
            type="final" weight="20">Final Exam</task>
    </task-list>
    <student id="S777777777">
        <last>Aragon</last>
        <first>Leon</first>
        <email>leon_a@example.com</email>
        <info>Johnny;150</info>
        <result ref="A01"/>
        <result ref="A02" score="90" xml:space="preserve">You did not put the sentence starting "Come to Admissions and Records" in &lt;strong&gt; [-5%]

You did not give the correct &lt;title&gt; (Evergreen Valley College Information) [-5%]</result>
        <result ref="A03" score="95" xml:space="preserve">You forgot the &lt;hr /&gt; element befor the "Online Internet Courses". [-5%]</result>
        <result ref="A04" score="100" xml:space="preserve">Looks great.</result>
        <result ref="M01" score=""/>
        <result ref="A05" score=""/>
        <result ref="A06" score=""/>
        <result ref="A07" score=""/>
        <result ref="A08" score=""/>
        <result ref="A09" score=""/>
        <result ref="F01" score=""/>
    </student>
    <student id="S0505138">
        <last>Bandhari</last>
        <first>Kumar B.</first>
        <email>kumar_bandhari@example.com</email>
        <info>INFO;102</info>
        <result ref="A01" score="100"/>
        <result ref="A02" score="82" xml:space="preserve">You did not put paragraph tags where they were required [-10%]

You did not make the final paragraph smaller than normal [-5%]

You did not superscript the "1" at the beginning of the last paragraph [-2%]</result>
        <result ref="A03" score="95" xml:space="preserve">You forgot the &lt;hr /&gt; element befor the "Online Internet Courses". [-5%]</result>
        <result ref="A04" score="95" xml:space="preserve">You did not put a &lt;hr /&gt; between the courses. [-5%]</result>
        <result ref="M01" score="81"/>
        <result ref="A05" score="97" xml:space="preserve">Not all the images have height and width specified

Pictures in miscellaneous.html do not have a 1-pixel border [-3%]</result>
        <result ref="A06" score="80" xml:space="preserve">You did not upload the image [-10%]

You did not put &lt;span&gt; elements on all the High and Low temperatures [-5%]

You did not indent the last paragraph on the page [-5%]

Your file is an exact duplicate of another student's, so I am splitting the score between you.</result>
        <result ref="A07" score="85" xml:space="preserve">Files not uploaded with the names as required by the assignment. [-10%]

Revised buildings.html file: the names of the buildings are not 80% of normal size [-5%]</result>
        <result ref="A08" score="100" xml:space="preserve">Your indentation in the CSS file is very inconsistent.</result>
        <result ref="A09" score="98" xml:space="preserve">-2% grammar ("everything" is one word, not two.)

Your external links are to pages that are not related to your place of business, even though your words make it seem as though they are.</result>
        <result ref="F01" score="80"/>
    </student>
    <student id="S0631269">
        <last>Delgado</last>
        <first>Edwin T.</first>
        <email>etdmail@example.com</email>
        <info>Vista;106</info>
        <result ref="A01" score="100"/>
        <result ref="A02" score="90" xml:space="preserve">You did not identify who wrote the program (your name is not "Your name here.") [-5%]

The &lt;title&gt; is incorrect; it should read "Evergreen Valley College Information" [-5%]

You should really put &lt;br /&gt; at the end of the line to mirror the document's structure better.</result>
        <result ref="A03" score="100" xml:space="preserve">Looks great!</result>
        <result ref="A04" score="97" xml:space="preserve">Your &lt;hr /&gt; should be 75% of the width of the window, not 50% [-3]

Your &lt;div&gt; to hold the prerequisites should start after the &lt;h1&gt;.</result>
        <result ref="M01" score="84"/>
        <result ref="A05" score="97" xml:space="preserve">Pictures in miscellaneous.html do not have a 1-pixel border [-3%]</result>
        <result ref="A06" score="100" xml:space="preserve">Looks great!</result>
        <result ref="A07" score="95" xml:space="preserve">Revised buildings.html file: the names of the buildings are not 80% of normal size [-5%]</result>
        <result ref="A08" score="95" xml:space="preserve">Do *not* put blanks in file names!

div#navig: width should be 30%, not 35%; margin is 0.5em on the left, not 1.5em [-5%]</result>
        <result ref="A09" score=""/>
        <result ref="F01" score=""/>
    </student>
    <student id="S0631217">
        <last>Edgewater</last>
        <first>Norman O.</first>
        <email>norman_e@example.com</email>
        <info>Speedracer66;103</info>
        <result ref="A01" score="100"/>
        <result ref="A02" score="90" xml:space="preserve">You did not make the final paragraph smaller than normal [-5%]

You did not superscript the "1" at the beginning of the last paragraph [-2%]

The sentence starting "Come to Admissions and Records" should be in &lt;strong&gt;, not &lt;em&gt;. [-3%]</result>
        <result ref="A03" score="95" xml:space="preserve">You forgot the &lt;hr /&gt; element befor the "Online Internet Courses". [-5%]</result>
        <result ref="A04" score="90" xml:space="preserve">The prerequisites for the second course are not in a pargraph or container as required in the assignment [-5%]

There is no &lt;hr /&gt; between the courses [-5%]</result>
        <result ref="M01" score="74"/>
        <result ref="A05" score="77" xml:space="preserve">Pictures in miscellaneous.html do not have a 1-pixel border [-3%]

File miscellaneous.html does not validate [-20%]</result>
        <result ref="A06" score="80" xml:space="preserve">You did not upload the background image. [-10%]

You did not mark all the highs and lows [-5%]

You did not mark the last paragraph as one that should be indented.[-5%]

Your file is an exact duplicate of another student's, so I am splitting the score between you.</result>
        <result ref="A07" score="70" xml:space="preserve">Revised assignment4.html not uploaded [-10%]

Revised register.html not uploaded [-10%]

Rewised buildings.html not uploaded [-10%]</result>
        <result ref="A08" score="0" xml:space="preserve">No files uploaded.</result>
        <result ref="A09" score="70" xml:space="preserve">File re4_movies_gc.html does not validate: -10%
Grammar/spelling errors: -10%
("existance", "a weeks ago", "an scenario", "impossible but it's really hard to accomplish", "enjoy of a better game experience"

Plagiarism: The game review is a copy-and-paste from someone else's site with no attribution [-10%]</result>
        <result ref="F01" score="0"/>
    </student>
    <student id="S06271132">
        <last>Franklin</last>
        <first>Helen</first>
        <email>HFranklin@example.com</email>
        <info>Little Sister;120</info>
        <result ref="A01" score="100"/>
        <result ref="A02" score="90" xml:space="preserve">The &lt;title&gt; is incorrect; it should read "Evergreen Valley College Information" [-5%]

The heading "Evergreen Valley College" should be an &lt;h1&gt; in the &lt;body&gt;. [-5%]</result>
        <result ref="A03" score="100" xml:space="preserve">Looks good.</result>
        <result ref="A04" score="90" xml:space="preserve">Your prerequisites etc. are not in a paragraph or other container element [-5%]

You didn't put the hyphen in font-size, so you didn't get 18 point [-5%]

You used "brown" instead of "#cc6600" as required by the assignment.</result>
        <result ref="M01" score="79"/>
        <result ref="A05" score="80" xml:space="preserve">Images are in the wrong folder (you have an images folder inside your images folder) [-10%]

In file buildings.html, the links are not horizontally across the bottom [-5%]

In file miscellaneous.html, the links at the bottom should appear below the last picture [-3%]

In the links at the bottom of the pages, &lt;span style="miscellaneous"&gt; is not proper HTML.  &lt;span style="color:red"&gt; would be correct [-2%]</result>
        <result ref="A06" score="78" xml:space="preserve">&lt;h2&gt; should not have a text-indent [-3%]

You did not remove the top &amp; bottom margins from &lt;h3&gt; [-3%]

Your specification for the bottom and left margin of &lt;dd&gt; are not correct [-5%]

The sentence beginning "There is a chance for..." should be a &lt;span&gt;, not a &lt;p&gt; [-3%]

You left space between the number and units (0.50 em); there should be none. [-3%]

You did not use a class to do the highs and lows; the requirements said you must NOT use the style attribute on any element [-5%]</result>
        <result ref="A07" score="75" xml:space="preserve">assignment_table.html: Heading does not show up properly [-5%]

assignment4.html: tables have blank cells and missing borders (and the text wouldn't wrap properly if you didn't change the widths of cells!) [-10%]

buildings.html file: the names of the buildings are not 80% of normal size [-5%]

Do not use the &lt;font&gt; element! [-5%]</result>
        <result ref="A08" score="92" xml:space="preserve">&lt;h1&gt; should not be italic. [-2%]

#footer
  padding: top 0.25 em;
should be
  padding-top: 0.25em;
and there is no such thing as position:top [-4%]

.example should have padding-left and margin-left [-2%]</result>
        <result ref="A09" score="98" xml:space="preserve">Very nicely designed. It has a clean look and great content.

-2%: "Visitors" misspelled on page index.html</result>
        <result ref="F01" score="95"/>
    </student>
    <student id="S0631837">
        <last>Gaidhani</last>
        <first>Mandar K.</first>
        <email>gaidhani@example.com</email>
        <info>Ruby;116</info>
        <result ref="A01" score="95" xml:space="preserve">You didn't put your name and date in the comment.</result>
        <result ref="A02" score="97" xml:space="preserve">&lt;title&gt; is not capitalized correctly. [-3%]

Try to put tags as close to words as possible. Instead of:
   College&lt;em&gt; must&lt;/em&gt; complete
say:
   College &lt;em&gt;must&lt;/em&gt; complete</result>
        <result ref="A03" score="100" xml:space="preserve">Try to put tags as close to words as possible. Instead of:
   &lt;em&gt;official &lt;/em&gt;transcript
say:
   &lt;em&gt;official&lt;/em&gt; transcript

I will start taking off points for this in the future!</result>
        <result ref="A04" score="98" xml:space="preserve">The "sans-serif" should be all lowercase [-1%]

Unnecessary &lt;hr /&gt; at the end of the document [-1%]</result>
        <result ref="M01" score="92"/>
        <result ref="A05" score="70" xml:space="preserve">Files index.html, register.hml, and miscellaneous.html do not validate [-20%]

Images not uploaded to proper directory [-10%]

Your alt="" attributes are not very descriptive.</result>
        <result ref="A06" score="97" xml:space="preserve">margin-bottom on &lt;dd&gt; does not have any units [-3%]</result>
        <result ref="A07" score="75" xml:space="preserve">assignment4.html: Text in table does not have proper colors [-5%]

buildings.html: revised version not uploaded [-10%]

register.html: revised version not uploaded [-10%]</result>
        <result ref="A08" score="100"/>
        <result ref="A09" score="0" xml:space="preserve">No files uploaded.</result>
        <result ref="F01" score="98"/>
    </student>
    <student id="S0622594">
        <last>Hunt</last>
        <first>Erik M.</first>
        <email>erik_the_hunter@example.com</email>
        <info>7prong;104</info>
        <result ref="A01" score="100"/>
        <result ref="A02" score="99" xml:space="preserve">The superscript on the last paragraph should be included in the &lt;small&gt; [-1%]

"strongly emphasized" is &lt;strong&gt;. If I had said strong AND emphasized, that would be &lt;strong&gt;&lt;em&gt;</result>
        <result ref="A03" score="95" xml:space="preserve">You forgot the &lt;hr /&gt; element befor the "Online Internet Courses". [-5%]</result>
        <result ref="A04" score="100"/>
        <result ref="M01" score="90"/>
        <result ref="A05" score="77" xml:space="preserve">Pictures in miscellaneous.html do not have a 1-pixel border [-3%]

Width and height not specified for all images

Files do not validate [-20%]</result>
        <result ref="A06" score="94" xml:space="preserve">You did not set a bottom margin for &lt;h2&gt; [-3%]

Your margin on the &lt;div&gt; should be 0.5cm, not 1.5cm [-3%]</result>
        <result ref="A07" score="80" xml:space="preserve">register.html: The unordered list should be with the paragraph, not in a separate row. [-5%]

assignment_table.html: No heading on page [-5%]

assignment4.html: revised version not uploaded [-10%]</result>
        <result ref="A08" score="92" xml:space="preserve">div#navig was not set to width:30% [-3%]

div#footer: border is wrong; font size is not 80% normal [-5%]</result>
        <result ref="A09" score="86" xml:space="preserve">Grammar errors (mostly comma usage); "you favorite weapon" [-4%]

Plagiarism: Paragraph starting "You play an elite cyborg, whose ship is forced to crash-land..." is copied without attribution from http://www.computerandvideogames.com/r/?page=http://www.computerandvideogames.com/reviews/reviews_story.php(que)id=23504 [-10%]</result>
        <result ref="F01" score="94"/>
    </student>
    <student id="S0382247">
        <last>Lamba</last>
        <first>Gurpal S.</first>
        <email>gurpal_singh@example.com</email>
        <info>gsl;122</info>
        <result ref="A01" score="100"/>
        <result ref="A02" score="100" xml:space="preserve">Looks good.</result>
        <result ref="A03" score="95" xml:space="preserve">You forgot the &lt;hr /&gt; element befor the "Online Internet Courses". [-5%]</result>
        <result ref="A04" score="100" xml:space="preserve">Looks good.</result>
        <result ref="M01" score=""/>
        <result ref="A05" score="77" xml:space="preserve">Missing links for pictures of Cedro &amp; Roble [-5%]

assignments/index.html file is not uploaded [-5%]

No links at bottom of buildings.html file. [-5%]

No borders on pictures on miscellaneous.html file. [-3%]

No links at bottom of buildings.html file. [-5%]</result>
        <result ref="A06" score=""/>
        <result ref="A07" score="100"/>
        <result ref="A08" score="100"/>
        <result ref="A09" score=""/>
        <result ref="F01" score=""/>
    </student>
    <student id="S0514235">
        <last>Landess</last>
        <first>Jerold A.</first>
        <email>hireme@example.com</email>
        <info>JAL;108</info>
        <result ref="A01" score="98" xml:space="preserve">Make sure you type the correct date!</result>
        <result ref="A02" score="100" xml:space="preserve">Looks great.</result>
        <result ref="A03" score="95" xml:space="preserve">&lt;div align="center"/&gt; begins and ends centering all at the same time.  You wanted to have the &lt;/div&gt; after the Copyright line [-5%]</result>
        <result ref="A04" score="100" xml:space="preserve">Looks great.</result>
        <result ref="M01" score="87"/>
        <result ref="A05" score="100"/>
        <result ref="A06" score="97" xml:space="preserve">The generic sans-serif is specified as just sans-serif (leave out the word "generic") [-3%]</result>
        <result ref="A07" score="97" xml:space="preserve">assignment4: Your name does not appear in the &lt;title&gt; [-3%]</result>
        <result ref="A08" score="100" xml:space="preserve">Remember to clean out your comments ("Image does not work!") once you get things working.</result>
        <result ref="A09" score="90" xml:space="preserve">Grammar/spelling errors "We foused on..."; "devolopers"; "funnest"; "Its ironic" {and I should take off 80% for that one!}; "If yor're a minor" [-10%]</result>
        <result ref="F01" score="106"/>
    </student>
    <student id="S626459396">
        <last>Luu</last>
        <first>Danh</first>
        <email>dluu95129@example.com</email>
        <info>Tran;124</info>
        <result ref="A01" score="100"/>
        <result ref="A02" score="100" xml:space="preserve">Technically, the dash before "Epictetus" should not be inside the &lt;em&gt;.</result>
        <result ref="A03" score="100" xml:space="preserve">Looks great.</result>
        <result ref="A04" score="100" xml:space="preserve">Looks great.</result>
        <result ref="M01" score="91"/>
        <result ref="A05" score="97" xml:space="preserve">Pictues in building.html must have a one-pixel border [-3%]</result>
        <result ref="A06" score="100" xml:space="preserve">Looks good.  You probably want to indent all of the style specification, including the first line.  For example:

dt {
   font-weight: bold;
   font-size: 125%;
}

rather than

dt { font-weight: bold;
   font-size: 125%;
}</result>
        <result ref="A07" score="100" xml:space="preserve">Looks great.</result>
        <result ref="A08" score="100" xml:space="preserve">Looks good. You may want to consider putting the closing } on a separate line in your stylesheet file.</result>
        <result ref="A09" score="88" xml:space="preserve">File horseracing.html does not validate [-10%]

Grammar/spelling errors:
  "favorite of horse" [-2%]

So much of the content is just copied and pasted from other sites that it's really difficult to tell how much of this is your work.</result>
        <result ref="F01" score="100"/>
    </student>
    <student id="S0457372">
        <last>Nguyen</last>
        <first>Joseph N.</first>
        <email>evcstudent@example.com</email>
        <info>BioMolecular;109</info>
        <result ref="A01" score="100"/>
        <result ref="A02" score="90" xml:space="preserve">You did not put paragraph elements in the document in all the places required. [-5%]

The &lt;title&gt; should not have an &lt;h1&gt; inside it. (Look at the title bar of the window!) [-5%]</result>
        <result ref="A03" score="0" xml:space="preserve">Unable to find file "assignment3.html" in the proper directory.</result>
        <result ref="A04" score="90" xml:space="preserve">&lt;title&gt; tag is wrong; your name is not Moishe Pipik [-5%]

You did not make the course names (CIT010 and CIT020) &lt;h1&gt; elements as required [-5%]</result>
        <result ref="M01" score="80"/>
        <result ref="A05" score="82" xml:space="preserve">miscellaneous.html - The text should be next to the pictures, not under them [-5%]

miscellaneous.html - the pictures should have a 1-pixel border [-3%]

You did not put width/height attributes on all images [-5%]

Pictures in file buildings.html should be clickable [-5%]</result>
        <result ref="A06" score="78" xml:space="preserve">Link from assignments/index.html to style1.html is broken [-3%]

Don't specify font-size on the &lt;body&gt;; it wasn't in the assignment [-3%]

Margin on &lt;div&gt; should be 0.5cm, not 0.5em. [-3%]

&lt;h3&gt; font-weight:italic is not correct [-5%]

span.showers is not bold [-3%]

&lt;h1&gt; font-weight: bold, italic is not correct [-5%]</result>
        <result ref="A07" score="75" xml:space="preserve">assignment_table.html: Times are not right-aligned, topics are not centered [-5%]

register.html: revised version not uploaded [-10%]

buildings.html: revised version not uploaded [-10%]</result>
        <result ref="A08" score="90" xml:space="preserve">div#navig border color is wrong, and text color should not be set at all [-5%]

Links should have no underline when the mouse is not over them [-5%]</result>
        <result ref="A09" score="75" xml:space="preserve">File nyc.html does not validate [-10%]

Grammar/spelling errors:[-10%]
   "on the world"
   "Some of the flights and pictures.." does not make any sense.
   "Where King Tut, Ramses,..." is a fragment.
   "Cirus World Museum"
   "If so more information..."

Circus page does not display properly in either Mozilla or Internet Explorer. [-5%]</result>
        <result ref="F01" score="95"/>
    </student>
    <student id="S0423521">
        <last>Nguyen</last>
        <first>Thu K.</first>
        <email>thu_k_nguyen@example.com</email>
        <info>VIPerson;110</info>
        <result ref="A01" score="100"/>
        <result ref="A02" score="95" xml:space="preserve">Used &lt;i&gt; instead of &lt;cite&gt; for Epictetus [-5%]
</result>
        <result ref="A03" score="100" xml:space="preserve">Looks great.</result>
        <result ref="A04" score="93" xml:space="preserve">Didn't put all three fonts into font-family [-5%]; didn't put prereqs for CIT020 into a paragraph or div [-5%]</result>
        <result ref="M01" score="93"/>
        <result ref="A05" score="94" xml:space="preserve">Pictues in building.html must have a one-pixel border [-3%]

Pictues in miscellaneous.html must have a one-pixel border [-3%]</result>
        <result ref="A06" score="97" xml:space="preserve">&lt;dd&gt; margin-left should be 1.5em, not 1.25em [-3%]</result>
        <result ref="A07" score="95" xml:space="preserve">Revised buildings.html file: the names of the buildings are not 80% of normal size [-5%]</result>
        <result ref="A08" score="98" xml:space="preserve">div#navig: width should be 30%, not 35% [-2%]</result>
        <result ref="A09" score="100" xml:space="preserve">Looks good, though I still don't like the blue on silver contrast.

I can't find any direct grammatical errors, but your phrasing is incredibly awkward.

By the way, I'm sending the "Prussian Blue" site to webpagesthatsuck.com for its mystery meat navigation.</result>
        <result ref="F01" score="106"/>
    </student>
    <student id="S535448231">
        <last>Paolini</last>
        <first>Giovanni</first>
        <email>giopao@example.com</email>
        <info>Underdog;119</info>
        <result ref="A01" score="100"/>
        <result ref="A02" score="100" xml:space="preserve">Looks good. Note that the &lt;br /&gt; before the &lt;/p&gt; is unnecessary.</result>
        <result ref="A03" score="90" xml:space="preserve">Unable to find file "assignment3.html" in the proper directory.</result>
        <result ref="A04" score="95" xml:space="preserve">You said font-size family instead of font-family, so it doesn't work on a standard browser [-5%]</result>
        <result ref="M01" score="94"/>
        <result ref="A05" score="80" xml:space="preserve">Turned in late [-10%]

File does not validate [-10%]</result>
        <result ref="A06" score="100" xml:space="preserve">Looks good. Your assignments/index.html page should have a heading on it.</result>
        <result ref="A07" score="0" xml:space="preserve">No files uploaded.</result>
        <result ref="A08" score="95" xml:space="preserve">You did not set font-size for the &lt;body&gt; [-5%]</result>
        <result ref="A09" score="100" xml:space="preserve">Site does not display well on an 800 x 600 screen.</result>
        <result ref="F01" score="96"/>
    </student>
    <student id="S299406153">
        <last>Phuong</last>
        <first>Truong</first>
        <email>phuong_t@example.com</email>
        <info>HTML4me;125</info>
        <result ref="A01" score="100"/>
        <result ref="A02" score="92" xml:space="preserve">You did not change the &lt;title&gt; element to read "Evergreen Valley College Information" [-5%]

The ending &lt;/strong&gt; near "Come to Admissions" is in the wrong place; the whole sentence should be &lt;strong&gt; (not &lt;strong&gt;&lt;em&gt;) [-3%]</result>
        <result ref="A03" score="100" xml:space="preserve">The paragraph starting "Para recibir..." should really be in a &lt;p&gt; element. It's not good form to have text completely outside a container element of some sort.</result>
        <result ref="A04" score="97" xml:space="preserve">Don't put the word "font" after "sans-serif" [-3%]</result>
        <result ref="M01" score="89"/>
        <result ref="A05" score="87" xml:space="preserve">File buildings.html does not validate. [-10%]

Images in buildings.html must have a one-pixel border [-3%]</result>
        <result ref="A06" score="97" xml:space="preserve">&lt;div&gt; should have a margin of 0.5cm, not 1.5cm [-3%]</result>
        <result ref="A07" score="90" xml:space="preserve">register.html: revised version not uploaded [-10%]</result>
        <result ref="A08" score="95" xml:space="preserve">Your CSS file does not work on the server because the names are case sensitive [-5%]

Note: when a margin is 0, you don't need units; thus

   margin: 0 0 1em 1em</result>
        <result ref="A09" score="100" xml:space="preserve">product_name.html does not validate. [-10%]

Just a note: all of your pages have the title "index" because you used a frameset, thus making bookmarks virtually useless.</result>
        <result ref="F01" score="103"/>
    </student>
    <student id="S0888287">
        <last>Pittman</last>
        <first>Matt A.</first>
        <email>hardworker@example.com</email>
        <info>workAllDay;111</info>
        <result ref="A01" score="100"/>
        <result ref="A02" score="95" xml:space="preserve">The &lt;title&gt; is incorrect; it should read "Evergreen Valley College Information" [-5%]</result>
        <result ref="A03" score="100" xml:space="preserve">The paragraph starting "Para recibir..." should really be in a &lt;p&gt; element. It's not good form to have text completely outside a container element of some sort.</result>
        <result ref="A04" score="98" xml:space="preserve">You didn't put sans-serif as a font choice [-2%]</result>
        <result ref="M01" score="92"/>
        <result ref="A05" score="97" xml:space="preserve">Your height and width for pictures in buildings.html aren't in proportion. [-3%]

The other pages shouldn't have links to larger pictures, but I think we discussed that and said it was OK. I don't remember.</result>
        <result ref="A06" score="87" xml:space="preserve">You did not upload the background image [-10%]

Extra } after definition of .high [-3%]

You probably want to indent all of the style specification, including the first line.  For example:

dt {
   font-weight: bold;
   font-size: 125%;
}

rather than

dt { font-weight: bold;
   font-size: 125%;
}</result>
        <result ref="A07" score="100"/>
        <result ref="A08" score="97" xml:space="preserve">Missing ) on color specification in div#navig [-3%]</result>
        <result ref="A09" score="93" xml:space="preserve">You used the &lt;font&gt; element [-5%]

Grammar errors:
   "Its Worth the Wait Because its Worth its.." (I should take off 80% for that one!)</result>
        <result ref="F01" score="0"/>
    </student>
    <student id="S0524673">
        <last>Quian</last>
        <first>John</first>
        <email>johnqpublic@example.com</email>
        <info>King;114</info>
        <result ref="A01" score="100"/>
        <result ref="A02" score="100"/>
        <result ref="A03" score="85" xml:space="preserve">Your file does not validate. [-15%]</result>
        <result ref="A04" score="100" xml:space="preserve">Looks great.</result>
        <result ref="M01" score="97"/>
        <result ref="A05" score="60" xml:space="preserve">Not all files uploaded to server [-40%]</result>
        <result ref="A06" score="0" xml:space="preserve">No file uploaded.</result>
        <result ref="A07" score="0" xml:space="preserve">No files uploaded.</result>
        <result ref="A08" score=""/>
        <result ref="A09" score="75" xml:space="preserve">You do not use a stylesheet to control the look of all the pages [-10%]

Missing links to "Alliance" and "Horde" on page starting.html [-5%]

Link at bottom right of magical.html does not go where it says it should go [-5%]

No links to external sites [-5%]</result>
        <result ref="F01" score="0"/>
    </student>
    <student id="S0421468">
        <last>Saavedra</last>
        <first>Alberto</first>
        <email>cervantes@example.com</email>
        <info>Allen24;115</info>
        <result ref="A01" score="100"/>
        <result ref="A02" score="97" xml:space="preserve">The &lt;strong&gt; near "Admissions and" is in the wrong place. [-3%]</result>
        <result ref="A03" score="77" xml:space="preserve">The URL in line 64 is not enclosed in &lt;code&gt; [-3%]

Turned in late [-20%]</result>
        <result ref="A04" score="70" xml:space="preserve">Turned in late [-10%]

The &lt;title&gt; should read "Assignment 4 - Alberto Sahimi" [-3%]

First course (CIT010) does not have corequisite and advisory level showing in color as required by assignment [-6%]

Afternoon classes for CIT020 are not both blue [-3%]

Class times for CIT010 are not colored as required [-5%]

Material fee for CIT020 is not small text [-3%]</result>
        <result ref="M01" score="69"/>
        <result ref="A05" score="97" xml:space="preserve">You did not put the correct &lt;title&gt; on the index.html file in the evc folder [-3%]</result>
        <result ref="A06" score="80" xml:space="preserve">Turned in late.</result>
        <result ref="A07" score="65" xml:space="preserve">Turned in late.
File register.html does not validate.
File assignment4.html does not validate.
File assignment_table.html does not validate.</result>
        <result ref="A08" score="92" xml:space="preserve">You did not set font-size for the &lt;body&gt; [-5%]

The text-align:center in the #footer specification is misspelled [-3%]</result>
        <result ref="A09" score="80" xml:space="preserve">Many files do not validate [-10%]
Grammar/spelling errors: [-10%]</result>
        <result ref="F01" score="77"/>
    </student>
    <student id="S523478915">
        <last>Solomon</last>
        <first>Linda</first>
        <email>lsolomon@example.com</email>
        <info>Lucy;118</info>
        <result ref="A01" score="100"/>
        <result ref="A02" score="97" xml:space="preserve">The ending &lt;/strong&gt; near "Come to Admissions" is in the wrong place; the whole sentence should be &lt;strong&gt; [-3%]</result>
        <result ref="A03" score="99" xml:space="preserve">The first bulleted list is supposed to use type="disc". The screenshot bullets look square, but that is because the font is small. [-1%]</result>
        <result ref="A04" score="100" xml:space="preserve">Looks good. You don't have to indent the &lt;dl&gt; under the &lt;p&gt;, since it's not nested inside the paragraph.</result>
        <result ref="M01" score="98"/>
        <result ref="A05" score="100" xml:space="preserve">Great work!</result>
        <result ref="A06" score="90" xml:space="preserve">You did not upload the background image [-10%]</result>
        <result ref="A07" score="92" xml:space="preserve">buildings.html: Only use tables where required. You only need tables to center the pictures and their captions, not to format the entire page [-5%]

register.html: The last picture is on the wrong side of the page. [-3%]</result>
        <result ref="A08" score="100" xml:space="preserve">Looks great.</result>
        <result ref="A09" score="100" xml:space="preserve">Very, very nice!</result>
        <result ref="F01" score="106"/>
    </student>
    <student id="S196349295">
        <last>Washington</last>
        <first>Jean</first>
        <email>jean_the_queen@example.com</email>
        <info>Zelda;135</info>
        <result ref="A01" score="100"/>
        <result ref="A02" score="100"/>
        <result ref="A03" score="100" xml:space="preserve">Looks good. The &lt;strong&gt; elements in the list of internet courses should probably be &lt;b&gt;; it's really the visual effect that we want here, not emphasis.</result>
        <result ref="A04" score="100"/>
        <result ref="M01" score="65"/>
        <result ref="A05" score="97" xml:space="preserve">Pictures in miscellaneous.html do not have a 1-pixel border [-3%]</result>
        <result ref="A06" score="100" xml:space="preserve">Looks good.</result>
        <result ref="A07" score="100" xml:space="preserve">Looks good.</result>
        <result ref="A08" score="100" xml:space="preserve">Looks good.</result>
        <result ref="A09" score="92" xml:space="preserve">Only one &lt;table&gt;, not two as required by the assignment. [-5%]

Only three images, not four as required by the assignment [-3%]</result>
        <result ref="F01" score="58"/>
    </student>
</gradebook>
